elemento,n_ligacoes,min_A,media_A,max_A,mineral,fonte
Ca,12,2.33781499542053,2.3378582503954566,2.337901505370383,calcita,COD
C,6,1.3123381517976411,1.3123381517976416,1.312338151797642,calcita,COD
Ca,12,2.358757694781792,2.3587583462039117,2.3587589830497278,calcita,MP
C,6,1.290914886254081,1.290915125830082,1.29091530099935,calcita,MP
Ca,18,2.3810335164280145,2.381033516428016,2.3810335164280167,dolomita,COD
Mg,18,2.086975759509493,2.0869757595094933,2.0869757595094947,dolomita,COD
C,18,1.2838994029698119,1.2838994029698125,1.2838994029698132,dolomita,COD
Ca,6,2.3800340867599514,2.3800342469167837,2.380034358572697,dolomita,MP
Mg,6,2.0806273660744434,2.080627522121873,2.080627624051771,dolomita,MP
C,6,1.2895288947377943,1.2895289528132412,1.2895290379447812,dolomita,MP
