epoch,MemAvailable_kB,SwapFree_kB
1790547771,25917844,14300308
1790547773,25821292,14300308
1790547775,23366984,14300308
1790547777,23370664,14300332
1790547779,12022664,14300332
1790547781,12943988,14300332
1790547783,11806636,14300332
1790547785,11667600,14300332
1790547787,12620980,14300332
1790547789,12610236,14300332
1790547791,12568552,14300332
1790547793,12565952,14300332
1790547795,12670472,14300332
1790547797,12764892,14300332
1790547799,12818648,14300332
1790547801,12795796,14300332
1790547803,12760252,14300332
1790547805,12727344,14300332
1790547807,12678636,14300332
1790547809,12633432,14300332
1790547811,12633060,14300332
1790547813,12607468,14300332
1790547815,12560696,14300332
1790547817,12493588,14300332
1790547819,12456552,14300332
1790547821,12403660,14300332
1790547823,10925872,14300332
1790547825,11538552,14300332
1790547827,9376564,14300332
1790547829,9214440,14300332
1790547831,10414428,14300332
1790547833,10445392,14300332
1790547835,9364152,14300332
1790547837,9161828,14300332
1790547839,10392328,14300332
1790547841,10390928,14300332
1790547843,9320972,14300332
1790547845,9458716,14300332
1790547847,10324840,14300332
1790547849,10346600,14300332
1790547851,9334832,14300332
1790547853,9455596,14300332
1790547855,10328696,14300332
1790547857,10429820,14300340
1790547859,8862432,14300340
1790547861,8756744,14300340
1790547864,9978752,14300340
1790547866,10039696,14300340
1790547868,10206500,14300340
1790547870,10300364,14300340
1790547872,10347908,14300340
1790547874,10411520,14300340
1790547876,10383832,14300340
1790547878,10302044,14300340
1790547880,10371176,14300340
1790547882,10392344,14300340
1790547884,9275532,14300340
1790547886,10284144,14300340
1790547888,10393468,14300340
1790547890,10435448,14300340
1790547892,9279680,14300340
1790547894,10272400,14300340
1790547896,10352572,14300340
1790547898,9179824,14300340
1790547900,10075624,14300340
1790547902,8786764,14300340
1790547904,9992676,14300340
1790547906,9232592,14300340
1790547908,10307492,14300340
1790547910,10421416,14300340
1790547912,10449716,14300340
1790547914,9657100,14300340
1790547916,10340420,14300340
1790547918,10341804,14300340
1790547920,10383616,14300340
1790547922,9892440,14300340
1790547924,10300924,14300340
1790547926,10348348,14300340
1790547928,10564680,14300340
1790547930,10339648,14300340
1790547932,10389828,14300340
1790547934,10407396,14300340
1790547936,9645740,14300340
1790547938,8832796,14300340
1790547940,8748524,14300340
1790547942,10014884,14300340
1790547944,8803180,14300340
1790547946,9036876,14300340
1790547948,10300912,14300340
1790547950,10360120,14300340
1790547952,9009188,14300340
1790547954,9498684,14300340
1790547956,10306348,14300340
1790547958,10347800,14300340
1790547960,9271756,14300340
1790547962,9609084,14300340
1790547964,10214680,14300340
1790547966,10309656,14300340
1790547968,9204388,14300340
1790547970,9564824,14300340
1790547972,10213784,14300340
1790547974,10281456,14300340
1790547976,8704116,14300340
1790547978,8772184,14300340
1790547980,9979892,14300340
1790547982,9988396,14300340
1790547984,9246932,14300340
1790547986,10275412,14300340
1790547988,10345668,14300340
1790547990,10449352,14300340
1790547992,9271252,14300340
1790547994,10420460,14300340
1790547996,10478440,14300340
1790547998,9336172,14300340
1790548000,9168224,14300340
1790548002,10457064,14300340
1790548004,10590824,14300340
1790548006,9516064,14300340
1790548008,9343608,14300340
1790548010,10489120,14300340
1790548012,10562376,14300340
1790548014,9020680,14300340
1790548016,8937584,14300340
1790548018,10147504,14300340
1790548020,10109832,14300340
1790548022,10236252,14300340
1790548024,10183860,14300340
1790548026,10244280,14300340
1790548028,10315444,14300340
1790548030,9495300,14300340
1790548032,10294652,14300340
1790548034,10311532,14300340
1790548036,10346264,14300340
1790548038,9227044,14300340
1790548040,10196588,14300340
1790548042,10239204,14300340
1790548044,10382520,14300340
1790548046,9224288,14300340
1790548048,10205928,14300340
1790548050,10223600,14300340
1790548052,9161604,14300340
1790548054,9966804,14300340
1790548056,8855344,14300340
1790548058,10060528,14300340
1790548060,9500068,14300340
1790548062,10394160,14300340
1790548064,10449224,14300340
1790548066,10464008,14300340
1790548068,10015884,14300340
1790548070,10409940,14300340
1790548072,10438020,14300340
1790548074,10464616,14300340
1790548076,10025816,14300340
1790548078,10327224,14300340
1790548080,10435704,14300340
1790548082,10449176,14300340
1790548084,10066828,14300340
1790548086,10276596,14300340
1790548088,10266208,14300340
1790548090,10394932,14300340
1790548092,8800468,14300340
1790548094,8717816,14300340
1790548096,9920136,14300340
1790548098,9202128,14300340
1790548100,8585332,14300340
1790548102,10233096,14300340
1790548104,10306732,14300340
1790548106,9086852,14300340
1790548108,9415508,14300340
1790548110,10235368,14300340
1790548112,10299660,14300340
1790548114,8998432,14300340
1790548116,9716224,14300340
1790548118,10295692,14300340
1790548120,10386232,14300340
1790548122,9072660,14300340
1790548124,9716712,14300340
1790548126,10291496,14300340
1790548128,10340476,14300340
1790548130,8793984,14300340
1790548132,8805632,14300340
1790548134,10046104,14300340
1790548136,10122560,14300340
1790548138,9320356,14300340
1790548140,10494256,14300340
1790548142,10418688,14300340
1790548144,10457368,14300340
1790548146,9248284,14300340
1790548148,10331088,14300340
1790548150,10344652,14300340
1790548152,10462556,14300340
1790548154,9110184,14300340
1790548156,10299208,14300340
1790548158,10390196,14300340
1790548160,9348412,14300340
1790548162,9182136,14300340
1790548164,10303340,14300340
1790548166,10390420,14300340
1790548168,8861456,14300340
1790548170,8760820,14300340
1790548172,9998048,14300340
1790548174,9998296,14300340
1790548176,9911332,14300340
1790548178,10265184,14300340
1790548180,10360232,14300340
1790548182,10384564,14300340
1790548184,10257972,14300340
1790548186,10266700,14300340
1790548188,10341004,14300340
1790548190,10400520,14300340
1790548192,9293448,14300340
1790548194,10262804,14300340
1790548196,10341896,14300340
1790548198,10454656,14300340
1790548200,9311112,14300340
1790548202,10188504,14300340
1790548204,10262636,14300340
1790548206,9315140,14300340
1790548208,9255636,14300340
1790548210,8854360,14300340
1790548212,9918704,14300340
1790548214,8696124,14300340
1790548216,9256344,14300340
1790548218,10205844,14300340
1790548220,10363068,14300340
1790548222,8976720,14300340
1790548224,9781772,14300340
1790548226,10360972,14300340
1790548228,10416068,14300340
1790548230,9289084,14300340
1790548232,9763216,14300340
1790548234,10327040,14300340
1790548236,10365756,14300340
1790548238,9716832,14300340
1790548240,10314120,14300340
1790548242,10315328,14300340
1790548244,10423072,14300340
1790548246,8836112,14300340
1790548248,8747004,14300340
1790548250,9961552,14300340
1790548252,9823500,14300340
1790548254,8638248,14300340
1790548256,10286580,14300340
1790548258,10304548,14300340
1790548260,9323496,14300340
1790548262,9065492,14300340
1790548264,10194880,14300340
1790548266,10212468,14300340
1790548268,9228572,14300340
1790548270,9297356,14300340
1790548272,10209052,14300340
1790548274,10274812,14300340
1790548276,9073032,14300340
1790548278,9436756,14300340
1790548280,10177912,14300340
1790548282,10216708,14300340
1790548284,8734684,14300340
1790548286,8785392,14300340
1790548288,9885496,14300340
1790548290,9915892,14300340
1790548292,9309824,14300340
1790548294,10343304,14300340
1790548296,10423020,14300340
1790548298,10449560,14300340
1790548300,9339636,14300340
1790548302,10351236,14300340
1790548304,10412792,14300340
1790548306,10485020,14300340
1790548308,9357924,14300340
1790548310,10366896,14300340
1790548312,10376448,14300340
1790548314,9473096,14300340
1790548316,9192864,14300340
1790548318,10316852,14300340
1790548320,10472368,14300340
1790548322,8814664,14300340
1790548324,9699388,14300340
1790548326,9002032,14300340
1790548328,10010088,14300340
1790548330,9625436,14300340
1790548332,10304020,14300340
1790548334,10293992,14300340
1790548336,10294380,14300340
1790548338,10052616,14300340
1790548340,10192836,14300340
1790548342,10227456,14300340
1790548344,10315188,14300340
1790548346,10290772,14300340
1790548348,10206816,14300340
1790548350,10229868,14300340
1790548352,10398452,14300340
1790548354,10461404,14300340
1790548356,10270136,14300340
1790548358,10340068,14300340
1790548360,9010920,14300340
1790548362,9127644,14300340
1790548364,9230052,14300340
1790548366,9992204,14300340
1790548368,8875392,14300340
1790548370,9371252,14300340
1790548372,10437032,14300340
1790548374,10493004,14300340
1790548376,9075752,14300340
1790548378,9829992,14300340
1790548380,10447144,14300340
1790548382,10408124,14300340
1790548384,9337476,14300340
1790548386,9772548,14300340
1790548388,10407852,14300340
1790548390,10505456,14300340
1790548392,9372464,14300340
1790548394,10346356,14300340
1790548396,10352180,14300340
1790548398,10444072,14300340
1790548400,9243572,14300340
1790548402,9059180,14300340
1790548404,9943332,14300340
1790548406,10088520,14300340
1790548408,8839140,14300340
1790548410,10343340,14300340
1790548412,10365712,14300340
1790548414,9258372,14300340
1790548416,9149900,14300340
1790548418,10350600,14300340
1790548420,10392800,14300340
1790548422,9286340,14300340
1790548424,9133020,14300340
1790548426,10252300,14300340
1790548428,10352380,14300340
1790548430,9280496,14300340
1790548432,9434768,14300340
1790548434,10321576,14300340
1790548436,10415908,14300340
1790548438,8987652,14300340
1790548440,8898020,14300340
1790548442,9983352,14300340
1790548444,10002464,14300340
1790548446,10300700,14300340
1790548448,10291148,14300340
1790548450,10303404,14300340
1790548452,10381380,14300340
1790548454,9335916,14300340
1790548456,10320940,14300340
1790548458,10351856,14300340
1790548460,10424800,14300340
1790548462,9352412,14300340
1790548464,10369644,14300340
1790548466,10409756,14300340
1790548468,10522340,14300340
1790548470,9324052,14300340
1790548472,10362852,14300340
1790548474,10425688,14300340
1790548476,9183064,14300340
1790548478,10019708,14300340
1790548480,8837888,14300340
1790548482,9975152,14300340
1790548484,9143528,14300340
1790548486,10271252,14300340
1790548488,10399912,14300340
1790548490,10446208,14300340
1790548492,9342120,14300340
1790548494,10267560,14300340
1790548496,10325548,14300340
1790548498,10438604,14300340
1790548500,10174960,14300340
1790548502,10227324,14300340
1790548504,10278236,14300340
1790548506,10366620,14300340
1790548508,10273620,14300340
1790548510,10285784,14300340
1790548512,10325564,14300340
1790548514,10415924,14300340
1790548516,8770716,14300340
1790548518,8864752,14300340
1790548520,10032860,14300340
1790548522,9286412,14300340
1790548524,9247028,14300340
1790548526,10389796,14300340
1790548528,10411216,14300340
1790548530,9053208,14300340
1790548532,9546596,14300340
1790548534,10398292,14300340
1790548536,10444256,14300340
1790548538,9221204,14300340
1790548540,9797984,14300340
1790548542,10381752,14300340
1790548544,10486104,14300340
1790548546,9236248,14300340
1790548548,9735772,14300340
1790548550,10365552,14300340
1790548552,10517384,14300340
1790548554,8870680,14300340
1790548556,8766692,14300340
1790548558,9980776,14300340
1790548560,10184928,14300340
1790548562,9237504,14300340
1790548564,10303408,14300340
1790548566,10313292,14300340
1790548568,10468048,14300340
1790548570,9161692,14300340
1790548573,10249200,14300340
1790548575,10305580,14300340
1790548577,9224904,14300340
1790548579,9051032,14300340
1790548581,10250020,14300340
1790548583,10354312,14300340
1790548585,9259288,14300340
1790548587,9066940,14300340
1790548589,10288168,14300340
1790548591,10357196,14300340
1790548593,8788376,14300340
1790548595,8850692,14300340
1790548597,10024556,14300340
1790548599,10085936,14300340
1790548601,10317420,14300340
1790548603,10306132,14300340
1790548605,10410620,14300340
1790548607,10464868,14300340
1790548609,10373060,14300340
1790548611,10326780,14300340
1790548613,10385456,14300340
1790548615,10472124,14300340
1790548617,9380048,14300340
1790548619,10322084,14300340
1790548621,10438984,14300340
1790548623,10444932,14300340
1790548625,9310500,14300340
1790548627,10331040,14300340
1790548629,10345660,14300340
1790548631,9371116,14300340
1790548633,9979876,14300340
1790548635,8726848,14300340
1790548637,9925964,14300340
1790548639,9222168,14300340
1790548641,10129332,14300340
1790548643,10287200,14300340
1790548645,10325796,14300340
1790548647,9646612,14300340
1790548649,10215780,14300340
1790548651,10264420,14300340
1790548653,10407388,14300340
1790548655,9853588,14300340
1790548657,10211720,14300340
1790548659,10257880,14300340
1790548661,10492928,14300340
1790548663,10035392,14300340
1790548665,10299876,14300340
1790548667,10313844,14300340
1790548669,10412464,14300340
1790548671,8803556,14300340
1790548673,8927804,14300340
1790548675,9952212,14300340
1790548677,9313980,14300340
1790548679,8831412,14300340
1790548681,10482560,14300340
1790548683,10417436,14300340
1790548685,9018316,14300340
1790548687,9501420,14300340
1790548689,10401612,14300340
1790548691,10384424,14300340
1790548693,9132624,14300340
1790548695,9642600,14300340
1790548697,10273028,14300340
1790548699,10511196,14300340
1790548701,9089296,14300340
1790548703,9715124,14300340
1790548705,10285072,14300340
1790548707,7811156,14300340
1790548709,7237012,14300340
1790548711,8753128,14300340
1790548713,8237576,14300340
1790548715,8249528,14300340
1790548717,8244036,14300340
1790548719,8206164,14300340
1790548721,8247932,14300340
1790548723,8090660,14300340
1790548725,8583716,14300340
1790548727,9436228,14300340
1790548729,5601256,14300340
1790548731,9099828,14300340
1790548733,8542040,14300340
1790548735,8506488,14300340
1790548737,9460412,14300340
1790548739,10836976,14300340
1790548741,9024020,14300340
1790548743,8363948,14300340
1790548745,9932644,14300340
1790548747,10007888,14300340
1790548749,8947584,14300340
1790548751,9083244,14300340
1790548753,9938952,14300340
1790548755,9975132,14300340
1790548757,8484212,14300340
1790548759,9338096,14300340
1790548761,9917836,14300340
1790548763,10010784,14300340
1790548765,8742600,14300340
1790548767,9376512,14300340
1790548769,9937912,14300340
1790548771,10069720,14300340
1790548773,8499064,14300340
1790548775,8498268,14300340
1790548777,9660296,14300340
1790548779,9810880,14300340
1790548781,8981136,14300340
1790548783,10077056,14300340
1790548785,10070520,14300340
1790548787,10072592,14300340
1790548789,8913072,14300340
1790548791,9989208,14300340
1790548793,10024616,14300340
1790548795,8978960,14300340
1790548797,8814532,14300340
1790548799,9959444,14300340
1790548801,10083740,14300340
1790548803,8915848,14300340
1790548805,8708604,14300340
1790548807,9884280,14300340
1790548809,9959208,14300340
1790548811,8627116,14300340
1790548813,8648708,14300340
1790548815,9815268,14300340
1790548817,9856588,14300340
1790548819,9995484,14300340
1790548821,10112740,14300340
1790548823,10134908,14300340
1790548825,10231976,14300340
1790548827,10147524,14300340
1790548829,10195164,14300340
1790548831,10204916,14300340
1790548833,10104304,14300340
1790548835,10146140,14300340
1790548837,9956776,14300340
1790548839,10077776,14300340
1790548841,10109944,14300340
1790548843,8964576,14300340
1790548845,9964720,14300340
1790548847,9977964,14300340
1790548849,9066652,14300340
1790548851,8912212,14300340
1790548853,8470312,14300340
1790548855,9674584,14300340
1790548857,8557636,14300340
1790548859,9137840,14300340
1790548861,10036832,14300340
1790548863,9969088,14300340
1790548865,8607032,14300340
1790548867,9356020,14300340
1790548869,9919084,14300340
1790548871,9979868,14300340
1790548873,8924824,14300340
1790548875,9834024,14300340
1790548877,9958828,14300340
1790548879,10008964,14300340
1790548881,9610196,14300340
1790548883,9902420,14300340
1790548885,9959288,14300340
1790548887,9968832,14300340
1790548889,8422612,14300340
1790548891,8419364,14300340
1790548893,9635700,14300340
1790548895,8948448,14300340
1790548897,8368128,14300340
1790548899,10066048,14300340
1790548901,10061384,14300340
1790548903,8973580,14300340
1790548905,9088324,14300340
1790548907,9942972,14300340
1790548909,10086928,14300340
1790548911,8712500,14300340
1790548913,9340228,14300340
1790548915,10006224,14300340
1790548917,10096684,14300340
1790548919,8792716,14300340
1790548921,9462280,14300340
1790548923,9977956,14300340
1790548925,10009656,14300340
1790548927,8449836,14300340
1790548929,8446500,14300340
1790548931,9697568,14300340
1790548933,9844252,14300340
1790548935,8900976,14300340
1790548937,9934128,14300340
1790548939,9973872,14300340
1790548941,9974432,14300340
1790548943,8821632,14300340
1790548945,9869292,14300340
1790548947,9966156,14300340
1790548949,8916864,14300340
1790548951,8754716,14300340
1790548953,10028812,14300340
1790548955,10045444,14300340
1790548957,8969840,14300340
1790548959,9106788,14300340
1790548961,9948720,14300340
1790548963,10023356,14300340
1790548965,8499404,14300340
1790548967,8504248,14300372
1790548969,9667452,14300372
1790548971,9664008,14300372
1790548973,10048580,14300372
1790548975,10017076,14300372
1790548977,10096780,14300372
1790548979,10096836,14300372
1790548981,8976236,14300372
1790548983,9934780,14300372
1790548985,9970408,14300372
1790548987,10083796,14300372
1790548989,8952100,14300372
1790548991,9964620,14300380
1790548993,9965180,14300380
1790548995,10048272,14300380
1790548997,8954084,14300380
1790548999,9979056,14300380
1790549001,9985148,14300380
1790549003,8858616,14300380
1790549005,9602488,14300380
1790549007,8440024,14300380
1790549009,9630252,14300380
1790549011,8840672,14300380
1790549013,10021212,14300380
1790549015,10037960,14300380
1790549017,10038048,14300380
1790549019,9457316,14300380
1790549021,9997636,14300380
1790549023,10019296,14300380
1790549025,10112672,14300380
1790549027,9702640,14300380
1790549029,10120160,14300380
1790549031,10108672,14300380
1790549033,10156852,14300380
1790549035,9969724,14300380
1790549037,9942288,14300380
1790549039,10102016,14300380
1790549041,10114468,14300380
1790549043,8558848,14300380
1790549045,8433976,14300380
1790549047,9592396,14300380
1790549049,8911608,14300380
1790549051,8488152,14300380
1790549053,9997500,14300380
1790549055,10006564,14300380
1790549057,8647908,14300380
1790549059,9308776,14300380
1790549061,9912012,14300380
1790549063,9967416,14300380
1790549065,8641876,14300380
1790549067,9378376,14300380
1790549069,9967552,14300380
1790549071,10144464,14300380
1790549073,8959676,14300380
1790549075,9470672,14300380
1790549077,10009744,14300380
1790549079,10192968,14300380
1790549081,8914512,14300380
1790549083,8580876,14300380
1790549085,9666212,14300380
1790549087,9735436,14300380
1790549089,8968356,14300380
1790549091,10022204,14300380
1790549093,10045876,14300380
1790549095,8963096,14300380
1790549097,8740352,14300380
1790549099,10007336,14300380
1790549101,10037044,14300380
1790549103,8925292,14300380
1790549105,8780616,14300380
1790549107,9900712,14300380
1790549109,10086128,14300380
1790549111,8657804,14300380
1790549113,9136592,14300380
1790549115,9918708,14300380
1790549117,10070492,14300380
1790549119,8873740,14300380
1790549121,8550276,14300380
1790549123,9587836,14300380
1790549125,9719880,14300380
1790549127,8904048,14300380
1790549129,9970192,14300380
1790549131,10034912,14300380
1790549133,10143292,14300380
1790549135,8996396,14300380
1790549137,10028640,14300380
1790549139,10052288,14300380
1790549141,10139148,14300380
1790549143,8959760,14300380
1790549145,9959300,14300380
1790549147,10080948,14300380
1790549149,10149616,14300380
1790549151,8978128,14300380
1790549153,10004064,14300380
1790549155,10037364,14300380
1790549157,8881548,14300380
1790549159,9653328,14300380
1790549161,8456208,14300380
1790549163,9682396,14300380
1790549165,9036728,14300380
1790549167,9979248,14300380
1790549169,10007508,14300380
1790549171,10059284,14300380
1790549173,9573768,14300380
1790549175,9954204,14300380
1790549177,9961736,14300380
1790549179,10105900,14300380
1790549181,9801380,14300380
1790549183,9980228,14300380
1790549185,9983620,14300380
1790549187,10104420,14300380
1790549189,10025236,14300380
1790549191,10057912,14300380
1790549193,10035356,14300380
1790549195,10203244,14300380
1790549197,8472240,14300380
1790549199,8477420,14300380
1790549201,9640788,14300380
1790549203,8958976,14300380
1790549205,8986900,14300380
1790549207,10055592,14300380
1790549209,10054512,14300380
1790549211,8804484,14300380
1790549213,9300328,14300380
1790549215,9960876,14300380
1790549217,10097768,14300380
1790549219,8705124,14300380
1790549221,9427604,14300380
1790549223,10023356,14300380
1790549225,10090388,14300380
1790549227,8985832,14300380
1790549229,9392104,14300380
1790549231,10053420,14300380
1790549233,10091108,14300380
1790549235,8452000,14300380
1790549237,8456280,14300380
1790549239,9607164,14300380
1790549241,9746536,14300380
1790549243,8668948,14300380
1790549245,9891100,14300380
1790549247,9970232,14300380
1790549249,8965364,14300380
1790549251,8699340,14300380
1790549253,9986036,14300380
1790549255,10019536,14300380
1790549257,8969044,14300380
1790549259,8823180,14300380
1790549261,9992804,14300380
1790549263,10011924,14300380
1790549265,8948776,14300380
1790549267,9052804,14300380
1790549269,10084628,14300380
1790549271,10160788,14300380
1790549273,8505940,14300380
1790549275,8502344,14300380
1790549277,9654512,14300380
1790549279,9812356,14300380
1790549281,9995684,14300380
1790549283,10045820,14300380
1790549285,10042544,14300380
1790549287,10028652,14300380
1790549289,8935416,14300380
1790549291,9927844,14300380
1790549293,9970884,14300380
1790549295,10094156,14300380
1790549297,8943908,14300380
1790549300,10005080,14300380
1790549302,10025188,14300380
1790549304,10086664,14300380
1790549306,8862872,14300380
1790549308,9979824,14300380
1790549310,10151288,14300380
1790549312,7227020,14300380
1790549314,8543224,14300380
1790549316,8368084,14300380
1790549318,8248096,14300380
1790549320,8395448,14300380
1790549322,8298136,14300380
1790549324,8322972,14300380
1790549326,8246476,14300380
1790549328,8416536,14300380
1790549330,9500496,14300380
1790549332,11439024,14300380
1790549334,9763340,14300380
1790549336,8515100,14300380
1790549338,8489212,14300380
1790549340,9150272,14300380
1790549342,10605492,14300380
1790549344,10734156,14300380
1790549346,9259308,14300380
1790549348,9894672,14300380
1790549350,10006328,14300380
1790549352,10063708,14300380
1790549354,9629920,14300380
1790549356,9864448,14300380
1790549358,9897664,14300380
1790549360,10055028,14300380
1790549362,9946252,14300380
1790549364,9926936,14300380
1790549366,9946304,14300380
1790549368,9995016,14300380
1790549370,10106744,14300380
1790549372,9947860,14300380
1790549374,10021724,14300380
1790549376,8692500,14300380
1790549378,8488140,14300380
1790549380,8501416,14300380
1790549382,9847428,14300380
1790549384,8802248,14300380
1790549386,9035768,14300380
1790549388,10043912,14300380
1790549390,10039932,14300380
1790549392,8631084,14300380
1790549394,9429272,14300380
1790549396,9990812,14300380
1790549398,10092736,14300380
1790549400,9118772,14300380
1790549402,9900768,14300380
1790549404,9889936,14300380
1790549406,10009504,14300380
1790549408,9514848,14300380
1790549410,9875152,14300380
1790549412,9884808,14300380
1790549414,10073100,14300380
1790549416,8421340,14300380
1790549418,8440544,14300380
1790549420,9610248,14300380
1790549422,8906232,14300380
1790549424,8303100,14300380
1790549426,9861964,14300380
1790549428,9995168,14300380
1790549430,8895720,14300380
1790549432,9161996,14300380
1790549434,10076540,14300380
1790549436,10085212,14300380
1790549438,8917656,14300380
1790549440,9249992,14300380
1790549442,9966684,14300380
1790549444,10009892,14300380
1790549446,8804260,14300380
1790549448,9390792,14300380
1790549450,9939468,14300380
1790549452,10016492,14300380
1790549454,8471416,14300380
1790549456,8452944,14300380
1790549458,9681460,14300380
1790549460,9823480,14300380
1790549462,8906664,14300380
1790549464,10038400,14300380
1790549466,10040880,14300380
1790549468,10074908,14300380
1790549470,8850164,14300380
1790549472,10002524,14300380
1790549474,10006536,14300380
1790549476,9918228,14300380
1790549478,8718744,14300380
1790549480,9874360,14300380
1790549482,9986460,14300380
1790549484,8962832,14300380
1790549486,8773564,14300380
1790549488,9969016,14300380
1790549490,10007692,14300380
1790549492,8498828,14300380
1790549494,8461596,14300380
1790549496,9670492,14300380
1790549498,9676324,14300380
1790549500,9651392,14300380
1790549502,9952720,14300380
1790549504,10013832,14300380
1790549506,10071352,14300380
1790549508,9994916,14300380
1790549510,9983276,14300380
1790549512,10023132,14300380
1790549514,10072964,14300380
1790549516,8979400,14300380
1790549518,9967340,14300380
1790549520,10018976,14300380
1790549522,10030632,14300380
1790549524,8921940,14300380
1790549526,9889576,14300380
1790549528,9892284,14300380
1790549530,9046124,14300380
1790549532,9616676,14300380
1790549534,8438272,14300380
1790549536,9594644,14300380
1790549538,8486976,14300380
1790549540,9038680,14300380
1790549542,10019924,14300380
1790549544,10022804,14300380
1790549546,8937304,14300380
1790549548,9895108,14300380
1790549550,9904160,14300380
1790549552,10051732,14300380
1790549554,9625712,14300380
1790549556,9953736,14300380
1790549558,9966248,14300380
1790549560,10092072,14300380
1790549562,9782064,14300380
1790549564,9956376,14300380
1790549566,9988708,14300380
1790549568,10098232,14300380
1790549570,8460928,14300380
1790549572,8461624,14300380
1790549574,9675052,14300380
1790549576,8950524,14300380
1790549578,8610692,14300380
1790549580,9992172,14300380
1790549582,10019496,14300380
1790549584,8783004,14300380
1790549586,9138652,14300380
1790549588,9912860,14300380
1790549590,9968244,14300380
1790549592,8574816,14300380
1790549594,9361944,14300380
1790549596,9933092,14300380
1790549598,10069372,14300380
1790549600,8857436,14300380
1790549602,9308816,14300380
1790549604,9909640,14300380
1790549606,10012264,14300380
1790549608,8415056,14300380
1790549610,8423204,14300380
1790549612,9663280,14300380
1790549614,9815248,14300380
1790549616,8984612,14300380
1790549618,10067424,14300380
1790549620,10068728,14300380
1790549622,9989548,14300380
1790549624,8869200,14300380
1790549626,9993556,14300380
1790549628,9999452,14300380
1790549630,9003048,14300380
1790549632,8838696,14300380
1790549634,9996956,14300380
1790549636,10038608,14300380
1790549638,8992896,14300380
1790549640,9200044,14300380
1790549642,9992888,14300380
1790549644,9995508,14300380
1790549646,8436104,14300380
1790549648,8422136,14300380
1790549650,9625332,14300380
1790549652,9678304,14300380
1790549654,9875440,14300380
1790549656,9939304,14300380
1790549658,10004660,14300380
1790549660,10011612,14300380
1790549662,8929216,14300380
1790549664,9960292,14300380
1790549666,9960708,14300380
1790549668,10079792,14300380
1790549670,8947624,14300380
1790549672,9977084,14300380
1790549674,9995148,14300380
1790549676,10136800,14300380
1790549678,9009016,14300380
1790549680,10022176,14300380
1790549682,10015016,14300384
1790549684,8691404,14300384
1790549686,9707936,14300384
1790549688,8509232,14300384
1790549690,9779788,14300384
1790549692,8732748,14300384
1790549694,10018724,14300384
1790549696,10087612,14300384
1790549698,10095232,14300384
1790549700,9816552,14300384
1790549702,9928868,14300384
1790549704,9968700,14300384
1790549706,10059920,14300384
1790549708,9865512,14300384
1790549710,9964112,14300384
1790549712,9963152,14300384
1790549714,9993016,14300384
1790549716,10025536,14300384
1790549718,9955504,14300384
1790549720,9974744,14300384
1790549722,9030376,14300384
1790549724,8461924,14300384
1790549726,8483644,14300384
1790549728,9691304,14300384
1790549730,8333512,14300384
1790549732,9031008,14300384
1790549734,10072276,14300384
1790549736,10105384,14300384
1790549738,8742076,14300384
1790549740,9505952,14300384
1790549742,10064748,14300384
1790549744,10106704,14300384
1790549746,8962332,14300384
1790549748,9930908,14300384
1790549750,9985652,14300384
1790549752,10087288,14300384
1790549754,9517004,14300384
1790549756,10001996,14300384
1790549758,10006624,14300384
1790549760,7520392,14300384
1790549762,7002740,14300384
1790549764,8255340,14300384
1790549766,8359652,14300384
1790549768,8184900,14300384
1790549770,8086164,14300384
1790549772,8142684,14300384
1790549774,8229860,14300384
1790549776,8126308,14300384
1790549778,8317064,14300384
1790549780,9515328,14300384
1790549782,3225716,14300384
1790549784,10094292,14300384
1790549786,8723128,14300384
1790549788,8633600,14300384
1790549790,9022536,14300384
1790549792,10676688,14300384
1790549794,10265120,14300384
1790549796,8858508,14300384
1790549798,10048312,14300384
1790549800,10049376,14300384
1790549802,9890272,14300384
1790549804,8747828,14300384
1790549806,10019796,14300384
1790549808,10051128,14300384
1790549810,8949920,14300384
1790549812,8803800,14300384
1790549814,10033684,14300384
1790549816,10094804,14300384
1790549818,8985620,14300384
1790549820,9135088,14300384
1790549822,9967684,14300384
1790549824,10062128,14300384
1790549826,8866040,14300384
1790549828,8507872,14300384
1790549830,9589792,14300384
1790549832,9733116,14300384
1790549834,9849256,14300384
1790549836,10028264,14300384
1790549838,10023012,14300384
1790549840,10000364,14300384
1790549842,9444624,14300384
1790549844,9897460,14300384
1790549846,9972268,14300384
1790549848,10092848,14300384
1790549850,8935036,14300384
1790549852,10036968,14300384
1790549854,10089532,14300384
1790549856,10136744,14300384
1790549858,8497476,14300384
1790549860,10052700,14300384
1790549862,10109512,14300384
1790549864,8923144,14300384
1790549866,9652692,14300384
1790549868,8735056,14300384
1790549870,9666816,14300384
1790549872,9292984,14300384
1790549874,10039132,14300384
1790549876,10030732,14300384
1790549878,10056340,14300384
1790549880,9836068,14300384
1790549882,9960016,14300384
1790549884,9956744,14300384
1790549886,10005320,14300384
1790549888,10146704,14300384
1790549890,9918072,14300384
1790549892,10002212,14300384
1790549894,10070544,14300384
1790549896,8956100,14300384
1790549898,9923724,14300384
1790549900,10016544,14300384
1790549902,9040620,14300384
1790549904,9764244,14300384
1790549906,8467064,14300384
1790549908,9618260,14300384
1790549910,8485740,14300384
1790549912,9033144,14300384
1790549914,10013072,14300384
1790549916,10124776,14300384
1790549918,8981704,14300384
1790549920,9981564,14300384
1790549922,9987332,14300384
1790549924,10082980,14300384
1790549926,9669904,14300384
1790549928,10023524,14300384
1790549930,10027436,14300384
1790549932,10092024,14300384
1790549934,9944348,14300384
1790549936,9965648,14300384
1790549938,10045108,14300384
1790549940,10163160,14300384
1790549942,8436960,14300384
1790549944,8432468,14300384
1790549946,9572564,14300384
1790549948,8918340,14300384
1790549950,8362696,14300384
1790549952,9999020,14300384
1790549954,10006304,14300384
1790549956,8812684,14300384
1790549958,9064020,14300384
1790549960,9928832,14300384
1790549962,10004360,14300384
1790549964,8747160,14300384
1790549966,9251160,14300384
1790549968,9931928,14300384
1790549970,10017080,14300384
1790549972,8775240,14300384
1790549974,9402248,14300384
1790549976,9964652,14300384
1790549978,10065280,14300384
1790549980,8506152,14300384
1790549982,8497132,14300384
1790549984,9654804,14300384
1790549986,9791452,14300384
1790549988,8968200,14300384
1790549990,9959672,14300384
1790549992,10088896,14300384
1790549994,10096788,14300384
1790549996,8923092,14300384
1790549998,9993356,14300384
1790550000,10142544,14300384
1790550002,8909540,14300384
1790550004,8724628,14300384
1790550006,9954024,14300384
1790550009,9983688,14300384
1790550011,8921780,14300384
1790550013,9009380,14300384
1790550015,9931964,14300384
1790550017,9975548,14300384
1790550019,8413872,14300384
1790550021,8405168,14300384
1790550023,9608400,14300384
1790550025,9653412,14300384
1790550027,9728868,14300384
1790550029,9889932,14300384
1790550031,9969832,14300384
1790550033,10069664,14300384
1790550035,8979828,14300384
1790550037,9952292,14300384
1790550039,10048376,14300384
1790550041,10106008,14300384
1790550043,8965552,14300384
1790550045,9937748,14300384
1790550047,10075708,14300384
1790550049,10117220,14300384
1790550051,8801876,14300384
1790550053,9974836,14300384
1790550055,10058236,14300384
1790550057,8559616,14300384
1790550059,9615192,14300384
1790550061,8695036,14300384
1790550063,9591644,14300384
1790550065,9300844,14300384
1790550067,9908880,14300384
1790550069,9956712,14300384
1790550071,10075100,14300384
1790550073,9618376,14300384
1790550075,9901864,14300384
1790550077,9905060,14300384
1790550079,10054268,14300384
1790550081,9880124,14300384
1790550083,9945996,14300384
1790550085,9961748,14300384
1790550087,10010272,14300384
1790550089,10095912,14300384
1790550091,9954100,14300384
1790550093,10022184,14300384
1790550095,8949456,14300384
1790550097,8702832,14300384
1790550099,8498892,14300384
1790550101,9677552,14300384
1790550103,8547524,14300384
1790550105,9316724,14300384
1790550107,10045236,14300384
1790550109,10041620,14300384
1790550111,8770672,14300384
1790550113,9342172,14300384
1790550115,9898276,14300384
1790550117,10125992,14300384
1790550119,9015348,14300384
1790550121,9410200,14300384
1790550123,9929284,14300384
1790550125,10035904,14300384
1790550127,8977320,14300384
1790550129,9909720,14300384
1790550131,9982876,14300384
1790550133,7459104,14300384
1790550135,6963904,14300384
1790550137,8198696,14300384
1790550139,8369988,14300384
1790550141,8265768,14300384
1790550143,8134832,14300384
1790550145,8344164,14300384
1790550147,8165476,14300384
1790550149,8184600,14300384
1790550151,8365368,14300384
1790550153,9613552,14300384
1790550155,2946852,14300384
1790550157,10222628,14300384
1790550159,8486280,14300384
1790550161,8491560,14300384
1790550163,9390672,14300384
1790550165,10672944,14300384
1790550167,8964220,14300384
1790550169,8512792,14300384
1790550171,9957820,14300384
1790550173,9963120,14300384
1790550175,8975072,14300384
1790550177,8827556,14300384
1790550179,10003648,14300384
1790550181,10182032,14300384
1790550183,8929704,14300384
1790550185,8910636,14300384
1790550187,9886020,14300384
1790550189,10011928,14300384
1790550191,8730740,14300384
1790550193,9164356,14300384
1790550195,9918920,14300384
1790550197,10064992,14300384
1790550199,8430348,14300384
1790550201,8424092,14300384
1790550203,9605148,14300384
1790550205,9710032,14300384
1790550207,8910324,14300384
1790550209,9966588,14300384
1790550211,9977380,14300384
1790550213,10092484,14300384
1790550215,8980080,14300384
1790550217,9969584,14300384
1790550219,10009304,14300384
1790550221,10050256,14300384
1790550223,8869072,14300384
1790550225,9945260,14300384
1790550227,10007972,14300384
1790550229,9004664,14300384
1790550231,8714388,14300384
1790550233,9943748,14300384
1790550235,10111416,14300384
1790550237,8534696,14300384
1790550239,8555008,14300384
1790550241,9104632,14300384
1790550243,9665636,14300384
1790550245,9507828,14300384
1790550247,9918052,14300384
1790550249,10040944,14300384
1790550251,10094728,14300384
1790550253,9794444,14300384
1790550255,9995448,14300384
1790550257,10040932,14300384
1790550259,10068716,14300384
1790550261,10110964,14300384
1790550263,9961740,14300384
1790550265,10059044,14300384
1790550267,10140744,14300384
1790550269,8939196,14300384
1790550271,10001736,14300384
1790550273,10058152,14300384
1790550275,9093580,14300384
1790550277,9670928,14300384
1790550279,8484256,14300384
1790550281,9667804,14300384
1790550283,8402828,14300384
1790550285,9074712,14300384
1790550287,10069088,14300384
1790550289,10077468,14300384
1790550291,9044644,14300384
1790550293,9904364,14300384
1790550295,10055260,14300384
1790550297,10090116,14300384
1790550299,9659828,14300384
1790550301,10026620,14300384
1790550303,9904332,14300384
1790550305,10006592,14300384
1790550307,9619268,14300384
1790550309,9913756,14300384
1790550311,9973972,14300384
1790550313,10021976,14300384
1790550315,8418924,14300384
1790550317,8405208,14300384
1790550319,9614996,14300384
1790550321,8911312,14300384
1790550323,8274048,14300384
1790550325,9940144,14300384
1790550327,10006028,14300384
1790550329,8788512,14300384
1790550331,9196644,14300384
1790550333,10054588,14300384
1790550335,10086424,14300384
1790550337,8704056,14300384
1790550339,9404784,14300384
1790550341,10001408,14300384
1790550343,10054068,14300384
1790550345,9044740,14300384
1790550347,9373632,14300384
1790550349,9960228,14300384
1790550351,10053176,14300384
1790550353,8493776,14300384
1790550355,8493808,14300384
1790550357,9726668,14300384
1790550359,9862588,14300384
1790550361,8587148,14300384
1790550363,9962276,14300384
1790550365,10039548,14300384
1790550367,8918180,14300384
1790550369,8780948,14300384
1790550371,9901096,14300384
1790550373,9958564,14300384
1790550375,8925884,14300384
1790550377,8773600,14300384
1790550379,9940524,14300384
1790550381,9995472,14300384
1790550383,8847672,14300384
1790550385,9264340,14300384
1790550387,9977932,14300384
1790550389,10049648,14300384
1790550391,8361308,14300384
1790550393,8508392,14300384
1790550395,9670492,14300384
1790550397,9681992,14300384
1790550399,8971512,14300384
1790550401,9989164,14300384
1790550403,10047764,14300384
1790550405,10088588,14300384
1790550407,8975896,14300384
1790550409,10016280,14300384
1790550411,10070044,14300384
1790550413,10105188,14300384
1790550415,8900964,14300384
1790550417,9969956,14300384
1790550419,9983820,14300384
1790550421,8930512,14300384
1790550423,8693364,14300384
1790550425,9877736,14300384
1790550427,9932980,14300384
1790550429,8415236,14300384
1790550431,9314864,14300384
1790550433,8720764,14300384
1790550435,9648956,14300384
1790550437,9605240,14300384
1790550439,9911104,14300384
1790550441,9972996,14300384
1790550443,9968816,14300384
1790550445,9865684,14300384
1790550447,9916532,14300384
1790550449,9924300,14300384
1790550451,10062336,14300384
1790550453,10075684,14300384
1790550455,9974484,14300384
1790550457,10088916,14300384
1790550459,10134428,14300384
1790550461,8973832,14300384
1790550463,10007712,14300384
1790550465,10003544,14300384
1790550467,9083688,14300384
1790550469,9672288,14300384
1790550471,8472400,14300384
1790550473,9659204,14300384
1790550475,8476544,14300384
1790550477,9072384,14300384
1790550479,9978432,14300384
1790550481,9992384,14300384
1790550483,8963828,14300384
1790550485,9362524,14300384
1790550487,9881212,14300384
1790550489,10064868,14300384
1790550491,9008028,14300384
1790550493,9899288,14300384
1790550495,9908484,14300384
1790550497,10025392,14300384
1790550499,9470488,14300384
1790550501,9936608,14300384
1790550503,9983344,14300384
1790550505,10022388,14300384
1790550507,8504924,14300384
1790550509,8645336,14300384
1790550511,9763124,14300384
1790550513,8972440,14300384
1790550515,8552112,14300384
1790550517,10001748,14300384
1790550519,10020896,14300384
1790550521,8975376,14300384
1790550523,9142804,14300384
1790550525,10000088,14300384
1790550527,10076784,14300384
1790550529,8894748,14300384
1790550531,9330508,14300384
1790550533,10079888,14300384
1790550535,10119796,14300384
1790550537,8807424,14300384
1790550539,9430072,14300384
1790550541,9993708,14300384
1790550543,10101184,14300384
1790550545,8669352,14300384
1790550547,8779100,14300384
1790550549,9652076,14300384
1790550551,9761952,14300384
1790550553,8904836,14300384
1790550555,9943228,14300384
1790550557,10079864,14300384
1790550559,10098276,14300384
1790550561,8743944,14300384
1790550563,10000168,14300384
1790550565,10047752,14300384
1790550567,8926304,14300384
1790550569,8806548,14300384
1790550571,10002568,14300384
1790550573,10134428,14300384
1790550575,8798748,14300384
1790550577,9156740,14300384
1790550579,10048000,14300384
1790550581,8544440,14300384
1790550583,7181068,14300384
1790550585,8599324,14300384
1790550587,8545064,14300384
1790550589,8336544,14300384
1790550591,8276284,14300384
1790550593,8426872,14300384
1790550595,8181632,14300384
1790550597,8284852,14300384
1790550599,8564668,14300384
1790550601,9559776,14300384
1790550603,5762308,14300384
1790550605,10158008,14300384
1790550607,8462844,14300384
1790550609,8448004,14300384
1790550611,9747896,14300384
1790550613,10718844,14300384
1790550615,10216816,14300384
1790550617,9924880,14300384
1790550619,9987448,14300384
1790550621,9988828,14300384
1790550623,10045248,14300384
1790550625,8930452,14300384
1790550627,9906236,14300384
1790550629,9955580,14300384
1790550631,10080512,14300384
1790550633,8976368,14300384
1790550635,10031104,14300384
1790550637,10059576,14300384
1790550639,10137240,14300384
1790550641,8986240,14300384
1790550643,9901820,14300384
1790550645,10101544,14300388
1790550647,8887360,14300388
1790550649,9681068,14300388
1790550651,8469816,14300388
1790550653,9651664,14300388
1790550655,8970596,14300388
1790550657,9959352,14300388
1790550659,10068912,14300388
1790550661,10045644,14300388
1790550663,9525960,14300388
1790550665,9958776,14300388
1790550667,9964880,14300388
1790550669,10037956,14300388
1790550671,9862588,14300388
1790550673,9936864,14300388
1790550675,9982708,14300388
1790550677,10108964,14300388
1790550679,9982804,14300388
1790550681,9979972,14300388
1790550683,10022260,14300388
1790550685,9043076,14300388
1790550687,8454188,14300388
1790550689,8442160,14300388
1790550691,9664132,14300388
1790550693,8640712,14300388
1790550695,9301116,14300388
1790550697,10052068,14300388
1790550699,10088984,14300388
1790550701,8736076,14300388
1790550703,9395396,14300388
1790550705,9951000,14300388
1790550707,10137168,14300388
1790550709,9007512,14300388
1790550712,9929384,14300388
1790550714,9954452,14300388
1790550716,10086084,14300388
1790550718,9650948,14300388
1790550720,9932184,14300388
1790550722,9940208,14300388
1790550724,10011524,14300388
1790550726,8453748,14300388
1790550728,8447536,14300388
1790550730,9597400,14300388
1790550732,8924284,14300388
1790550734,8371508,14300388
1790550736,9977768,14300388
1790550738,9990272,14300388
1790550740,8940404,14300388
1790550742,9076152,14300388
1790550744,9982816,14300388
1790550746,10034404,14300388
1790550748,8720244,14300388
1790550750,9265464,14300388
1790550752,9967440,14300388
1790550754,10070968,14300388
1790550756,8729632,14300388
1790550758,9427868,14300388
1790550760,9984884,14300388
1790550762,9985932,14300388
1790550764,8485928,14300388
1790550766,8475960,14300388
1790550768,9655956,14300388
1790550770,9718760,14300388
1790550772,8957708,14300388
1790550774,9977132,14300388
1790550776,10118672,14300388
1790550778,10146688,14300388
1790550780,8915992,14300388
1790550782,9991484,14300388
1790550784,10004948,14300388
1790550786,8960140,14300388
1790550788,8747952,14300388
1790550790,9933412,14300388
1790550792,9987016,14300388
1790550794,8948600,14300388
1790550796,8761536,14300388
1790550798,9936632,14300388
1790550800,10097896,14300388
1790550802,8476996,14300388
1790550804,8459888,14300388
1790550806,9605748,14300388
1790550808,9655420,14300388
1790550810,9840676,14300388
1790550812,9947252,14300388
1790550814,9994720,14300388
1790550816,9996104,14300388
1790550818,9966044,14300388
1790550820,9992012,14300388
1790550822,10009648,14300388
1790550824,10062656,14300388
1790550826,8965136,14300388
1790550828,9946204,14300388
1790550830,9991964,14300388
1790550832,10131156,14300388
1790550834,8934176,14300388
1790550836,9968648,14300388
1790550838,10000928,14300388
1790550840,8878732,14300388
1790550842,9620568,14300388
1790550844,8447496,14300388
1790550846,9672528,14300388
1790550848,8915280,14300388
1790550850,10026960,14300388
1790550852,10011204,14300388
1790550854,10014464,14300388
1790550856,9612224,14300388
1790550858,9933020,14300388
1790550860,9950576,14300388
1790550862,9999424,14300388
1790550864,9727704,14300388
1790550866,9928044,14300388
1790550868,9947452,14300388
1790550870,10040812,14300388
1790550872,10082376,14300388
1790550874,9950516,14300388
1790550876,9944680,14300388
1790550878,9211264,14300388
1790550880,8469072,14300388
1790550882,8486488,14300388
1790550884,9698140,14300388
1790550886,8513820,14300388
1790550888,8780660,14300388
1790550890,9901792,14300388
1790550892,10054008,14300388
1790550894,8639724,14300388
1790550896,9440360,14300388
1790550898,10005276,14300388
1790550900,10081284,14300388
1790550902,8889272,14300388
1790550904,9305136,14300388
1790550906,9923192,14300388
1790550908,10079760,14300388
1790550910,9184948,14300388
1790550912,9911048,14300388
1790550914,9919508,14300388
1790550916,10004036,14300388
1790550918,8420412,14300388
1790550920,8430260,14300388
1790550922,9580280,14300388
1790550924,8911180,14300388
1790550926,8451604,14300388
1790550928,10032888,14300388
1790550930,10025008,14300388
1790550932,8950472,14300388
1790550934,8780184,14300388
1790550936,9992156,14300388
1790550938,10004452,14300388
1790550940,8957988,14300388
1790550942,9077188,14300388
1790550944,9977072,14300388
1790550946,10000148,14300388
1790550948,8637084,14300388
1790550950,9410416,14300388
1790550952,9990316,14300388
1790550954,10014804,14300388
1790550956,8488848,14300388
1790550958,8480768,14300388
1790550960,9738964,14300388
1790550962,9695992,14300388
1790550964,8896444,14300388
1790550966,9952508,14300388
1790550968,9958692,14300388
1790550970,10025416,14300388
1790550972,8897032,14300388
1790550974,9848452,14300388
1790550976,9908880,14300388
1790550978,10097528,14300388
1790550980,8760952,14300388
1790550982,9912880,14300388
1790550984,9907460,14300388
1790550986,8885048,14300388
1790550988,8697328,14300388
1790550990,9958104,14300388
1790550992,10022564,14300388
1790550994,7211864,14300388
1790550996,8565852,14300388
1790550998,8436172,14300388
1790551000,8235004,14300388
1790551002,8233372,14300388
1790551004,8170688,14300388
1790551006,8077728,14300388
1790551008,8214028,14300388
1790551010,8267784,14300388
1790551012,9538412,14300388
1790551014,6665212,14300388
1790551016,10236084,14300388
1790551018,8505228,14300388
1790551020,8566304,14300388
1790551022,9595328,14300388
1790551024,10616816,14300388
1790551026,10728412,14300388
1790551028,9563368,14300388
1790551030,9921964,14300388
1790551032,9962572,14300388
1790551034,10048288,14300388
1790551036,9850148,14300388
1790551038,9901152,14300388
1790551040,9999668,14300388
1790551042,10054080,14300388
1790551044,10065660,14300388
1790551046,9888032,14300388
1790551048,9897564,14300388
1790551050,10150304,14300388
1790551052,8989820,14300388
1790551054,9978848,14300388
1790551056,9997668,14300388
1790551058,9057844,14300388
1790551060,9722440,14300388
1790551062,8513584,14300388
1790551064,9749036,14300388
1790551066,8346276,14300388
1790551068,8986164,14300388
1790551070,10048908,14300388
1790551072,10070508,14300388
1790551074,8948636,14300388
1790551076,9963764,14300388
1790551078,9975168,14300388
1790551080,10139172,14300388
1790551082,9594540,14300388
1790551084,9857556,14300388
1790551086,9888824,14300388
1790551088,9993104,14300388
1790551090,9650460,14300388
1790551092,9929056,14300388
1790551094,9973460,14300388
1790551096,9987416,14300388
1790551098,8424368,14300388
1790551100,8442736,14300388
1790551102,9637492,14300388
1790551104,8917624,14300388
1790551106,8404352,14300388
1790551108,9999756,14300388
1790551110,10022224,14300388
1790551112,8782484,14300388
1790551114,9254192,14300388
1790551116,9992880,14300388
1790551118,10050800,14300388
1790551120,8733108,14300388
1790551122,9434356,14300388
1790551124,9950324,14300388
1790551126,10047932,14300388
1790551128,8783084,14300388
1790551130,9405036,14300388
1790551132,9967116,14300388
1790551134,10055572,14300388
1790551136,8468600,14300388
1790551138,8468640,14300388
1790551140,9714408,14300388
1790551142,9691100,14300388
1790551144,8921684,14300388
1790551146,9917128,14300388
1790551148,9956112,14300388
1790551150,9967684,14300388
1790551152,8799048,14300388
1790551154,9978340,14300388
1790551156,9971496,14300388
1790551158,8905356,14300388
1790551160,8763552,14300388
1790551162,9872308,14300388
1790551164,9999372,14300388
1790551166,8917188,14300388
1790551168,8787624,14300388
1790551170,9945028,14300388
1790551172,10012420,14300388
1790551174,8500964,14300388
1790551176,8468220,14300388
1790551178,9690132,14300388
1790551180,9688992,14300388
1790551182,9813048,14300388
1790551184,10077556,14300388
1790551186,10070576,14300388
1790551188,10086584,14300388
1790551190,9363572,14300388
1790551192,9978564,14300388
1790551194,9976820,14300388
1790551196,10150000,14300388
1790551198,9006668,14300388
1790551200,10022040,14300388
1790551202,10017680,14300388
1790551204,10197536,14300388
1790551206,8962112,14300388
1790551208,9918888,14300388
1790551210,10002884,14300388
1790551212,8974276,14300388
1790551214,9683468,14300388
1790551216,8609276,14300388
1790551218,9651152,14300388
1790551220,8806284,14300388
1790551222,9993844,14300388
1790551224,10013264,14300388
1790551226,10022288,14300388
1790551228,9758732,14300388
1790551230,9970060,14300388
1790551232,9997736,14300388
1790551234,10074780,14300388
1790551236,10002848,14300388
1790551238,9957636,14300388
1790551240,9965416,14300388
1790551242,10152132,14300388
1790551244,10043920,14300388
1790551246,9942088,14300388
1790551248,10087668,14300388
1790551250,9012180,14300388
1790551252,8763248,14300388
1790551254,8728232,14300388
1790551256,9699908,14300388
1790551258,8502956,14300388
1790551260,9148540,14300388
1790551262,9942040,14300388
1790551264,10029140,14300388
1790551266,8633796,14300388
1790551268,9384024,14300388
1790551270,10014800,14300388
1790551272,10056968,14300388
1790551274,8983036,14300388
1790551276,9343364,14300388
1790551278,9965244,14300388
1790551280,10077836,14300388
1790551282,9091084,14300388
1790551284,9933244,14300388
1790551286,9972228,14300388
1790551288,10121400,14300388
1790551290,8607796,14300388
1790551292,8646088,14300388
1790551294,9684440,14300388
1790551296,9750448,14300388
1790551298,8456408,14300388
1790551300,9957556,14300388
1790551302,9969476,14300388
1790551304,8923648,14300388
1790551306,8800380,14300400
1790551308,9970760,14300400
1790551310,10028552,14300400
1790551312,8960480,14300400
1790551314,8963480,14300400
1790551316,9998268,14300400
1790551318,10083444,14300400
1790551320,8867348,14300400
1790551322,9038224,14300400
1790551324,9964976,14300400
1790551326,10022528,14300400
1790551328,8490796,14300400
1790551330,8417460,14300400
1790551332,9630676,14300400
1790551334,9702520,14300400
1790551336,8912100,14300400
1790551338,9985472,14300400
1790551340,10020528,14300400
1790551342,10070972,14300400
1790551344,8923996,14300400
1790551346,9922244,14300400
1790551348,10057168,14300400
1790551350,10094148,14300400
1790551352,8662312,14300400
1790551354,10007884,14300400
1790551356,10144504,14300400
1790551358,10231776,14300400
1790551360,8773656,14300400
1790551362,10012592,14300400
1790551364,10101588,14300400
1790551366,8675736,14300400
1790551368,9698500,14300400
1790551370,8627420,14300400
1790551372,9696544,14300400
1790551374,9444004,14300400
1790551376,9963420,14300400
1790551378,10021504,14300400
1790551380,10111780,14300400
1790551382,9740944,14300400
1790551384,9946700,14300400
1790551386,9941620,14300400
1790551388,10010120,14300400
1790551390,10041320,14300400
1790551392,9875448,14300400
1790551394,9905712,14300400
1790551396,10059264,14300400
1790551398,8932916,14300400
1790551400,9946592,14300400
1790551402,10025028,14300400
1790551404,9073456,14300400
1790551406,9657476,14300400
1790551408,8441444,14300400
1790551410,9649396,14300400
1790551412,8797276,14300400
1790551414,9114372,14300400
1790551416,10005960,14300400
1790551418,10118464,14300400
1790551420,9033220,14300400
1790551422,9983732,14300400
1790551425,9994712,14300400
1790551427,10086352,14300400
1790551429,9828892,14300400
1790551431,9954820,14300400
1790551433,9956332,14300400
1790551435,10118004,14300400
1790551437,10050684,14300400
1790551439,9952028,14300400
1790551441,10147740,14300400
1790551443,7536264,14300400
1790551445,7857592,14300400
1790551447,8436028,14300400
1790551449,8389740,14300400
1790551451,8358196,14300400
1790551453,8297452,14300400
1790551455,8335952,14300400
1790551457,8416276,14300400
1790551459,8398636,14300400
1790551461,8526064,14300400
1790551463,9490752,14300400
1790551465,5533384,14300400
1790551467,8776764,14300400
1790551469,8591368,14300400
1790551471,8459824,14300400
1790551473,9525428,14300400
1790551475,10794972,14300400
1790551477,8978472,14300400
1790551479,9093176,14300400
1790551481,10068136,14300400
1790551483,10070972,14300400
1790551485,8951292,14300400
1790551487,9293412,14300400
1790551489,9954224,14300400
1790551491,10086652,14300400
1790551493,8756800,14300400
1790551495,9370824,14300400
1790551497,9976428,14300400
1790551499,10107060,14300400
1790551501,9064820,14300400
1790551503,9351672,14300400
1790551505,9943324,14300400
1790551507,10048672,14300400
1790551509,8451772,14300400
1790551511,8432828,14300400
1790551513,9597668,14300400
1790551515,9732640,14300400
1790551517,8599732,14300400
1790551519,9962492,14300400
1790551521,9984116,14300400
1790551523,8939116,14300400
1790551525,8755384,14300400
1790551527,9956228,14300400
1790551529,10005036,14300400
1790551531,8916748,14300400
1790551533,9090032,14300400
1790551535,10008508,14300400
1790551537,10040900,14300400
1790551539,8826484,14300400
1790551541,9286468,14300400
1790551543,9917808,14300400
1790551545,10151904,14300400
1790551547,8509696,14300400
1790551549,8488380,14300400
1790551551,9602844,14300400
1790551553,9804296,14300400
1790551555,8948164,14300400
1790551557,10066560,14300400
1790551559,10065544,14300400
1790551561,10143912,14300400
1790551563,8932548,14300400
1790551565,9883156,14300400
1790551567,9931284,14300400
1790551569,10000288,14300400
1790551571,8658636,14300400
1790551573,9874588,14300400
1790551575,9987664,14300400
1790551577,8919180,14300400
1790551579,8756948,14300400
1790551581,9939052,14300400
1790551583,10050696,14300400
1790551585,8440372,14300400
1790551587,8430808,14300400
1790551589,9584164,14300400
1790551591,9589216,14300400
1790551593,9723776,14300400
1790551595,9952836,14300400
1790551597,10049704,14300400
1790551599,10099696,14300400
1790551601,9963140,14300400
1790551603,10013280,14300400
1790551605,10022480,14300400
1790551607,10083444,14300400
1790551609,8996252,14300400
1790551611,9927768,14300400
1790551613,10034632,14300400
1790551615,10168088,14300400
1790551617,8981784,14300400
1790551619,9977536,14300400
1790551621,10053892,14300400
1790551623,8723532,14300400
1790551625,9558152,14300400
1790551627,8417192,14300400
1790551629,9610436,14300400
1790551631,8987564,14300400
1790551633,9993504,14300400
1790551635,9984184,14300400
1790551637,9993872,14300400
1790551639,9436228,14300400
1790551641,9890704,14300400
1790551643,9898812,14300400
1790551645,9968624,14300400
1790551647,9766828,14300400
1790551649,9886572,14300400
1790551651,9954892,14300400
1790551653,10041664,14300400
1790551655,10127448,14300400
1790551657,9953440,14300400
1790551659,9983788,14300400
1790551661,8577648,14300400
1790551663,8497784,14300400
1790551665,8480484,14300400
1790551667,9634380,14300400
1790551669,8297152,14300400
1790551671,8967656,14300400
1790551673,10016848,14300400
1790551675,10027772,14300400
1790551677,8694960,14300400
1790551679,9450448,14300400
1790551681,10097788,14300400
1790551683,9993476,14300404
1790551685,8938692,14300404
1790551687,9298080,14300404
1790551689,9977996,14300404
1790551691,10120888,14300404
1790551693,9052852,14300404
1790551695,9957032,14300404
1790551697,10008604,14300404
1790551699,10084300,14300404
1790551701,8463392,14300404
1790551703,8470872,14300404
1790551705,9630468,14300404
1790551707,9681216,14300404
1790551709,8380312,14300404
1790551711,10009028,14300404
1790551713,10043416,14300404
1790551715,8983464,14300404
1790551717,8821928,14300404
1790551719,9962632,14300404
1790551721,9999936,14300404
1790551723,8964488,14300404
1790551725,9090212,14300404
1790551727,10003336,14300404
1790551729,10087512,14300404
1790551731,8595396,14300404
1790551733,9334584,14300404
1790551735,9931764,14300404
1790551737,10069688,14300404
1790551739,8479176,14300404
1790551741,8519860,14300404
1790551743,9567468,14300404
1790551745,9564028,14300404
1790551747,8924128,14300404
1790551749,9987676,14300404
1790551751,9975964,14300404
1790551753,9978608,14300404
1790551755,8939948,14300404
1790551757,9940960,14300404
1790551759,9977584,14300404
1790551761,10041196,14300404
1790551763,8782380,14300404
1790551765,9922592,14300404
1790551767,9925928,14300404
1790551769,8934512,14300404
1790551771,8761184,14300404
1790551773,9951576,14300404
1790551775,10005280,14300404
1790551777,8493616,14300404
1790551779,8482476,14300404
1790551781,9654096,14300404
1790551783,9665076,14300404
1790551785,9630916,14300404
1790551787,10041684,14300404
1790551789,10047696,14300404
1790551791,10070532,14300404
1790551793,9840856,14300404
1790551795,9953168,14300404
1790551797,9971360,14300404
1790551799,10046436,14300404
1790551801,9689768,14300404
1790551803,9911796,14300404
1790551805,9958108,14300404
1790551807,10029748,14300404
1790551809,8908964,14300404
1790551811,9942024,14300404
1790551813,9962124,14300404
1790551815,8713092,14300404
1790551817,9569400,14300404
1790551819,8423584,14300404
1790551821,9711480,14300404
1790551823,8894868,14300404
1790551825,10005236,14300404
1790551827,10002768,14300404
1790551829,9998080,14300404
1790551831,9669168,14300404
1790551833,9953432,14300404
1790551835,9959548,14300404
1790551837,10098616,14300404
1790551839,9854368,14300404
1790551841,9991212,14300404
1790551843,9972972,14300404
1790551845,10004916,14300404
1790551847,9994204,14300404
1790551849,9954036,14300404
1790551851,10010852,14300404
1790551853,10027844,14300404
1790551855,8489788,14300404
1790551857,8498484,14300404
1790551859,9642592,14300404
1790551861,8931696,14300404
1790551863,8618652,14300404
1790551865,9921492,14300404
1790551867,10005248,14300404
1790551869,8655456,14300404
1790551871,9349908,14300404
1790551873,9959812,14300404
1790551875,9973752,14300404
1790551877,8596624,14300404
1790551879,9384024,14300408
1790551881,9919388,14300408
1790551883,10040340,14300408
1790551885,8899172,14300408
1790551887,9970424,14300408
1790551889,9979872,14300408
1790551891,7500112,14300408
1790551893,7003488,14300408
1790551895,8403504,14300408
1790551897,8461220,14300408
1790551899,8208180,14300408
1790551901,8241772,14300408
1790551903,8174708,14300408
1790551905,8235964,14300408
1790551907,8159596,14300408
1790551909,8371640,14300408
1790551911,9496492,14300408
1790551913,3479852,14300408
1790551915,10301952,14300408
1790551917,8523232,14300408
1790551919,9033836,14300408
1790551921,9148920,14300408
1790551923,10498536,14300408
1790551925,10269740,14300408
1790551927,8949060,14300408
1790551929,9990204,14300408
1790551931,10023736,14300408
1790551933,10109492,14300408
1790551935,8738716,14300408
1790551937,10006052,14300408
1790551939,10049840,14300408
1790551941,8912368,14300408
1790551943,8790688,14300408
1790551945,9907992,14300408
1790551947,10029916,14300408
1790551949,8936284,14300408
1790551951,8839040,14300408
1790551953,10019720,14300408
1790551955,10084508,14300408
1790551957,8971428,14300408
1790551959,8671600,14300408
1790551961,9705904,14300408
1790551963,9731756,14300408
1790551965,9969724,14300408
1790551967,10096896,14300408
1790551969,10094164,14300408
1790551971,10143576,14300408
1790551973,9103940,14300408
1790551975,10011512,14300408
1790551977,10037060,14300408
1790551979,10125084,14300408
1790551981,8977752,14300408
1790551983,9996964,14300408
1790551985,10000436,14300408
1790551987,10104136,14300408
1790551989,8970416,14300408
1790551991,9981432,14300408
1790551993,10070516,14300408
1790551995,8895920,14300408
1790551997,9680640,14300408
1790551999,8547920,14300408
1790552001,9681596,14300408
1790552003,8945748,14300408
1790552005,10004476,14300408
1790552007,10034592,14300408
1790552009,10031268,14300408
1790552011,9680648,14300408
1790552013,10029636,14300408
1790552015,10043456,14300408
1790552017,10158820,14300408
1790552019,9859064,14300408
1790552021,9986080,14300408
1790552023,9982284,14300408
1790552025,10136240,14300408
1790552027,10087964,14300408
1790552029,10059388,14300408
1790552031,10044568,14300408
1790552033,9025104,14300408
1790552035,8493456,14300408
1790552037,8486772,14300408
1790552039,9716452,14300408
1790552041,8743240,14300408
1790552043,9048016,14300408
1790552045,10039060,14300408
1790552047,10065180,14300408
1790552049,8658544,14300408
1790552051,9469764,14300408
1790552053,10005908,14300408
1790552055,10076136,14300408
1790552057,9019864,14300480
1790552059,9969668,14300480
1790552061,10031144,14300480
1790552063,10161408,14300480
1790552065,9618288,14300480
1790552067,9960396,14300480
1790552069,10036524,14300480
1790552071,10142000,14300480
1790552073,8520316,14300480
1790552075,8515068,14300480
1790552077,9720440,14300480
1790552079,8992924,14300480
1790552081,8433692,14300480
1790552083,10045036,14300480
1790552085,10041516,14300480
1790552087,8987120,14300480
1790552089,8833188,14300480
1790552091,9981332,14300480
1790552093,10107684,14300480
1790552095,8918620,14300480
1790552097,9184564,14300480
1790552099,9965824,14300480
1790552101,9988908,14300480
1790552103,8629500,14300480
1790552105,9240636,14300480
1790552107,9951556,14300480
1790552109,10078020,14300480
1790552111,8478112,14300480
1790552113,8458388,14300480
1790552115,9654024,14300480
1790552117,9732244,14300480
1790552119,8939688,14300480
1790552121,10005624,14300480
1790552123,10090096,14300480
1790552125,10086292,14300480
1790552127,8965640,14300480
1790552129,9969680,14300480
1790552131,10115536,14300480
1790552133,10239028,14300480
1790552135,8793184,14300480
1790552137,9976136,14300480
1790552140,10084400,14300480
1790552142,9007236,14300480
1790552144,8805364,14300480
1790552146,9987580,14300480
1790552148,10054248,14300480
1790552150,8517204,14300480
1790552152,8577208,14300480
1790552154,8949660,14300484
1790552156,9773748,14300484
1790552158,9497724,14300484
1790552160,9932664,14300484
1790552162,9925428,14300484
1790552164,9964528,14300484
1790552166,9884636,14300484
1790552168,9997756,14300484
1790552170,10005648,14300484
1790552172,10093040,14300484
1790552174,8985012,14300484
1790552176,9958580,14300484
1790552178,9990860,14300484
1790552180,10192240,14300484
1790552182,8978336,14300484
1790552184,9957408,14300484
1790552186,9964396,14300484
1790552188,8928072,14300484
1790552190,9692932,14300484
1790552192,8508208,14300484
1790552194,9702304,14300484
1790552196,9096356,14300484
1790552198,9935176,14300484
1790552200,10084224,14300484
1790552202,10087844,14300484
1790552204,9596604,14300484
1790552206,10019808,14300484
1790552208,10095332,14300484
1790552210,10147404,14300484
1790552212,9885744,14300484
1790552214,9997636,14300484
1790552216,10024888,14300484
1790552218,10140300,14300484
1790552220,10309828,14300484
1790552222,9924252,14300484
1790552224,9964460,14300484
1790552226,9268140,14300484
1790552228,8449972,14300484
1790552230,8462196,14300484
1790552232,9736708,14300484
1790552234,8612332,14300484
1790552236,8849092,14300484
1790552238,10058208,14300484
1790552240,10054128,14300484
1790552242,8604732,14300484
1790552244,9365932,14300484
1790552246,9944460,14300484
1790552248,10041792,14300484
1790552250,9033600,14300484
1790552252,9996168,14300484
1790552254,9988940,14300484
1790552256,10149444,14300484
1790552258,9565888,14300484
1790552260,10003716,14300484
1790552262,10039096,14300484
1790552264,10159164,14300484
1790552266,8538852,14300484
1790552268,8545088,14300484
1790552270,9721548,14300484
1790552272,9001196,14300484
1790552274,8496172,14300484
1790552276,9947880,14300484
1790552278,10147680,14300484
1790552280,9091392,14300484
1790552282,9121576,14300484
1790552284,9983896,14300484
1790552286,10060192,14300484
1790552288,8804624,14300484
1790552290,9368804,14300484
1790552292,9934112,14300484
1790552294,10049868,14300484
1790552296,9016192,14300484
1790552298,9992184,14300484
1790552300,9985524,14300484
1790552302,10070860,14300484
1790552304,8470156,14300484
1790552306,8493244,14300484
1790552308,9697432,14300484
1790552310,9822500,14300484
1790552312,8492316,14300484
1790552314,9944136,14300484
1790552316,10119504,14300484
1790552318,9017576,14300484
1790552320,8851740,14300484
1790552322,9981236,14300484
1790552324,10086656,14300484
1790552326,9004656,14300484
1790552328,9114260,14300484
1790552330,10007260,14300484
1790552332,10143024,14300484
1790552334,8910912,14300484
1790552336,9214420,14300484
1790552338,10039544,14300484
1790552340,7950672,14300484
1790552342,6981780,14300484
1790552344,8582136,14300484
1790552346,8444056,14300484
1790552348,8316152,14300484
1790552350,8123672,14300484
1790552352,8136260,14300484
1790552354,8277504,14300484
1790552356,8129108,14300484
1790552358,8277112,14300484
1790552360,9513112,14300484
1790552362,5306356,14300484
1790552364,10118144,14300484
1790552366,8479376,14300484
1790552368,8476528,14300484
1790552370,9753044,14300484
1790552372,10568512,14300484
1790552374,10338320,14300484
1790552376,9938260,14300484
1790552378,9930232,14300484
1790552380,10038460,14300484
1790552382,10047968,14300484
1790552384,9000028,14300484
1790552386,10023468,14300484
1790552388,10010764,14300484
1790552390,10098956,14300484
1790552392,9006136,14300484
1790552394,10043196,14300484
1790552396,10103032,14300484
1790552398,10071056,14300484
1790552400,8849484,14300484
1790552402,9930076,14300484
1790552404,9998396,14300484
1790552406,8442296,14300484
1790552408,9619548,14300484
1790552410,8462200,14300484
1790552412,9618804,14300484
1790552414,9558488,14300484
1790552416,9960988,14300484
1790552418,10011756,14300484
1790552420,10050440,14300484
1790552422,9726780,14300484
1790552424,9916056,14300484
1790552426,9966628,14300484
1790552428,10009604,14300484
1790552430,9947304,14300484
1790552432,9983780,14300484
1790552434,10064776,14300484
1790552436,10114680,14300484
1790552438,9024432,14300484
1790552440,9993464,14300484
1790552442,10027868,14300484
1790552444,8724116,14300484
1790552446,9636364,14300484
1790552448,8482344,14300484
1790552450,9644568,14300484
1790552452,8833748,14300484
1790552454,9956572,14300484
1790552456,9983840,14300484
1790552458,10113596,14300484
1790552460,9635376,14300484
1790552462,9909980,14300484
1790552464,9920920,14300484
1790552466,10048816,14300484
1790552468,9863100,14300484
1790552470,9952908,14300484
1790552472,9979700,14300484
1790552474,10046908,14300484
1790552476,10014600,14300484
1790552478,10024484,14300484
1790552480,10039788,14300484
1790552482,8665200,14300484
1790552484,8812644,14300484
1790552486,8450388,14300484
1790552488,9599988,14300484
1790552490,8381024,14300484
1790552492,9176056,14300484
1790552494,10002412,14300484
1790552496,10076632,14300484
1790552498,9001820,14300484
1790552500,9332400,14300484
1790552502,9982444,14300484
1790552504,9997888,14300484
1790552506,9523592,14300484
1790552508,9954420,14300484
1790552510,9988600,14300484
1790552512,10134112,14300484
1790552514,9957144,14300484
1790552516,9970092,14300484
1790552518,10007668,14300484
1790552520,10174996,14300484
1790552522,8450996,14300484
1790552524,8446516,14300484
1790552526,9615036,14300484
1790552528,8939048,14300484
1790552530,8747372,14300484
1790552532,9954376,14300484
1790552534,9946308,14300484
1790552536,8624972,14300484
1790552538,9323716,14300484
1790552540,9934792,14300484
1790552542,10037212,14300484
1790552544,8643460,14300484
1790552546,9391504,14300484
1790552548,9967496,14300484
1790552550,10022604,14300484
1790552552,8958824,14300484
1790552554,9935572,14300484
1790552556,9951692,14300484
1790552558,10170912,14300484
1790552560,8531632,14300484
1790552562,8508828,14300484
1790552564,9633892,14300484
1790552566,9004704,14300484
1790552568,8484168,14300484
1790552570,10015880,14300484
1790552572,10055072,14300484
1790552574,9020820,14300484
1790552576,8863848,14300484
1790552578,9986584,14300484
1790552580,10069232,14300484
1790552582,8716124,14300484
1790552584,9078352,14300484
1790552586,9916736,14300484
1790552588,10037752,14300484
1790552590,8629800,14300484
1790552592,9387384,14300484
1790552594,9897288,14300484
1790552596,10002452,14300484
1790552598,8451788,14300484
1790552600,8457244,14300484
1790552602,9613212,14300484
1790552604,9641728,14300484
1790552606,8910224,14300484
1790552608,9973288,14300484
1790552610,10002644,14300484
1790552612,10120840,14300484
1790552614,8971388,14300484
1790552616,10063416,14300484
1790552618,10085400,14300484
1790552620,9005056,14300484
1790552622,8859176,14300484
1790552624,10020736,14300484
1790552626,10132644,14300484
1790552628,8994592,14300484
1790552630,8857036,14300484
1790552632,9991860,14300484
1790552634,10100976,14300484
1790552636,9032872,14300484
1790552638,8597364,14300484
1790552640,9736532,14300484
1790552642,9750160,14300484
1790552644,9917088,14300484
1790552646,9999436,14300484
1790552648,9993424,14300484
1790552650,10000420,14300484
1790552652,10172160,14300484
1790552654,9992400,14300484
1790552656,10019176,14300484
1790552658,10051496,14300484
1790552660,8935248,14300484
1790552662,10027228,14300484
1790552664,10068680,14300484
1790552666,10095076,14300484
1790552668,8950880,14300484
1790552670,9966144,14300484
1790552672,10072180,14300484
1790552674,9116224,14300484
1790552676,9674852,14300484
1790552678,8784756,14300484
1790552680,9683896,14300484
1790552682,9051100,14300484
1790552684,10009372,14300484
1790552686,10044256,14300484
1790552688,10082736,14300484
1790552690,9539732,14300484
1790552692,10029120,14300484
1790552694,10073688,14300484
1790552696,10165812,14300484
1790552698,9848160,14300484
1790552700,10088600,14300484
1790552702,10044228,14300484
1790552704,10139448,14300484
1790552706,10167848,14300484
1790552708,9961960,14300484
1790552710,10039624,14300484
1790552712,8991784,14300484
1790552714,8696248,14300484
1790552716,8490168,14300484
1790552718,9634520,14300484
1790552720,8715964,14300484
1790552722,9174372,14300484
1790552724,10106944,14300484
1790552726,10104292,14300484
1790552728,8692788,14300484
1790552730,9445028,14300484
1790552732,10016056,14300484
1790552734,10059844,14300484
1790552736,8974528,14300484
1790552738,9488116,14300484
1790552740,10017464,14300484
1790552742,10059456,14300484
1790552744,9041536,14300484
1790552746,9996256,14300484
1790552748,10087488,14300484
1790552750,7458044,14300484
1790552752,7081696,14300484
1790552754,8395472,14300484
1790552756,8345808,14300484
1790552758,8410624,14300484
1790552760,8352984,14300484
1790552762,8293344,14300484
1790552764,8272928,14300484
1790552766,8338892,14300484
1790552768,8503928,14300484
1790552770,9570020,14300484
1790552772,3561132,14300484
1790552774,10210528,14300484
1790552776,8596820,14300484
1790552778,8512928,14300484
1790552780,9123664,14300484
1790552782,10677424,14300484
1790552784,10112648,14300484
1790552786,8629832,14300484
1790552788,10077176,14300484
1790552790,10126796,14300484
1790552792,9003036,14300484
1790552794,8857760,14300484
1790552796,10076044,14300484
1790552798,10068244,14300484
1790552800,8984260,14300484
1790552802,9120724,14300484
1790552804,9965924,14300484
1790552806,10080104,14300484
1790552808,8785108,14300484
1790552810,9372608,14300484
1790552812,9995112,14300484
1790552814,10080324,14300484
1790552816,8511488,14300484
1790552818,8505984,14300484
1790552820,9773976,14300484
1790552822,9775104,14300484
1790552824,8939056,14300484
1790552826,10075208,14300484
1790552828,10080128,14300484
1790552830,10112532,14300484
1790552832,8976420,14300484
1790552834,9953052,14300484
1790552836,9979232,14300484
1790552838,10085104,14300484
1790552841,8729148,14300484
1790552843,9901804,14300484
1790552845,9997752,14300484
1790552847,8943472,14300484
1790552849,8758684,14300484
1790552851,9920608,14300484
1790552853,10078208,14300484
1790552855,8522044,14300484
1790552857,9024952,14300484
1790552859,9029736,14300484
1790552861,9704724,14300484
1790552863,9512352,14300484
1790552865,9991460,14300484
1790552867,10082916,14300484
1790552869,10105680,14300484
1790552871,9971536,14300484
1790552873,10024356,14300484
1790552875,10023852,14300484
1790552877,10170980,14300484
1790552879,9037600,14300484
1790552881,10078512,14300484
1790552883,9967100,14300484
1790552885,10124776,14300484
1790552887,8956832,14300484
1790552889,10022864,14300484
1790552891,10036836,14300484
1790552893,9059884,14300484
1790552895,9689720,14300484
1790552897,8447120,14300484
1790552899,9644496,14300484
1790552901,9047288,14300484
1790552903,9974228,14300484
1790552905,10081936,14300484
1790552907,10126876,14300484
1790552909,9532808,14300484
1790552911,9939376,14300484
1790552913,10024320,14300484
1790552915,10081196,14300484
1790552917,9703820,14300484
1790552919,9939164,14300484
1790552921,10103480,14300484
1790552923,10192624,14300484
1790552925,9994392,14300484
1790552927,10021704,14300484
1790552929,10057420,14300484
1790552931,8728760,14300484
1790552933,8510260,14300484
1790552935,8521892,14300484
1790552937,9792584,14300484
1790552939,8914604,14300484
1790552941,9048680,14300484
1790552943,9967456,14300484
1790552945,10021656,14300484
1790552947,8667332,14300484
1790552949,9368112,14300484
1790552951,9923576,14300484
1790552953,10021024,14300484
1790552955,8849308,14300484
1790552957,9306456,14300484
1790552959,9942496,14300484
1790552961,9994680,14300484
1790552963,9113836,14300484
1790552965,9953276,14300484
1790552967,10033640,14300484
1790552969,10123840,14300484
1790552971,8460320,14300484
1790552973,8522916,14300484
1790552975,9711256,14300484
1790552977,9796312,14300484
1790552979,8423320,14300484
1790552981,10085604,14300484
1790552983,10125376,14300484
1790552985,9019396,14300484
1790552987,8810296,14300484
1790552989,10038652,14300484
1790552991,10070692,14300484
1790552993,8987776,14300484
1790552995,9078272,14300484
1790552997,9994728,14300484
1790552999,10047952,14300484
1790553001,8921352,14300484
1790553003,9343424,14300484
1790553005,9974180,14300484
1790553007,10035780,14300484
1790553009,8491156,14300484
1790553011,8476408,14300484
1790553013,9687304,14300484
1790553015,9710764,14300484
1790553017,8940900,14300484
1790553019,10076268,14300484
1790553021,10079748,14300484
1790553023,10112672,14300484
1790553025,8986860,14300484
1790553027,10033412,14300484
1790553029,10032368,14300484
1790553031,10194252,14300484
1790553033,8872484,14300484
1790553035,10001896,14300484
1790553037,10049312,14300484
1790553039,9020164,14300484
1790553041,8811972,14300484
1790553043,9968512,14300484
1790553045,10035444,14300484
1790553047,8511620,14300484
1790553049,8477860,14300484
1790553051,9668388,14300484
1790553053,9669264,14300484
1790553055,9826152,14300484
1790553057,9908952,14300484
1790553059,10004744,14300484
1790553061,10139444,14300484
1790553063,9859484,14300484
1790553065,9938148,14300484
1790553067,10016920,14300484
1790553069,10036492,14300484
1790553071,8929236,14300484
1790553073,9921444,14300484
1790553075,9966672,14300484
1790553077,10067324,14300484
1790553079,8961628,14300484
1790553081,9975992,14300484
1790553083,10023488,14300484
1790553085,8946924,14300484
1790553087,9645408,14300484
1790553089,8438888,14300484
1790553091,9631224,14300484
1790553093,8928956,14300484
1790553095,9123112,14300484
1790553097,10120884,14300484
1790553099,10115524,14300484
1790553101,8979252,14300484
1790553103,9979416,14300484
1790553105,9984516,14300484
1790553107,10074752,14300484
1790553109,9595204,14300484
1790553111,9958156,14300484
1790553113,9966600,14300484
1790553115,10048088,14300484
1790553117,9772052,14300484
1790553119,9985152,14300484
1790553121,10145064,14300484
1790553123,10098252,14300484
1790553125,8490184,14300484
1790553127,8493168,14300484
1790553129,9690096,14300484
1790553131,8964100,14300484
1790553133,8782080,14300484
1790553135,9992280,14300484
1790553137,10005252,14300484
1790553139,8831264,14300484
1790553141,9285388,14300484
1790553143,9954492,14300484
1790553145,9974108,14300484
1790553147,8648904,14300484
1790553149,9401904,14300484
1790553151,9998836,14300484
1790553153,10081876,14300484
1790553155,8779332,14300484
1790553157,9402808,14300484
1790553159,9982560,14300484
1790553161,10062044,14300484
1790553163,8524672,14300484
1790553165,8502136,14300484
1790553167,9761536,14300484
1790553169,9805256,14300484
1790553171,9008852,14300484
1790553173,10060648,14300484
1790553175,10074432,14300484
1790553177,10098732,14300484
1790553179,8723320,14300484
1790553181,10066316,14300484
1790553183,9990300,14300484
1790553185,9905568,14300484
1790553187,8844824,14300484
1790553189,9929908,14300484
1790553191,9980156,14300484
1790553193,8995936,14300484
1790553195,8810576,14300484
1790553197,9936844,14300484
1790553199,9994356,14300484
1790553201,7008140,14300484
1790553203,8580404,14300484
1790553205,8361372,14300484
1790553207,8287736,14300484
1790553209,8111540,14300484
1790553211,8197748,14300484
1790553213,8214216,14300484
1790553215,8159620,14300484
1790553217,8323320,14300484
1790553219,9681220,14300484
1790553221,6622108,14300484
1790553223,10254044,14300484
1790553225,8560836,14300484
1790553227,8527696,14300484
1790553229,9727948,14300484
1790553231,10864116,14300484
1790553233,10893764,14300484
1790553235,9740636,14300484
1790553237,10033036,14300484
1790553239,10076068,14300484
1790553241,10044816,14300484
1790553243,9945212,14300484
1790553245,9976712,14300484
1790553247,9987588,14300484
1790553249,10063892,14300484
1790553251,10100204,14300484
1790553253,9921236,14300484
1790553255,9979624,14300484
1790553257,10141064,14300484
1790553259,8973624,14300484
1790553261,9995176,14300484
1790553263,10034240,14300484
1790553265,9055660,14300484
1790553267,9636624,14300484
1790553269,8472648,14300484
1790553271,9697592,14300484
1790553273,8442864,14300484
1790553275,9991540,14300484
1790553277,10031152,14300484
1790553279,10055060,14300484
1790553281,9056536,14300484
1790553283,9995496,14300484
1790553285,10017116,14300484
1790553287,10056800,14300484
1790553289,9788148,14300484
1790553291,10023684,14300484
1790553293,10030208,14300484
1790553295,10054588,14300484
1790553297,9884968,14300484
1790553299,9984748,14300484
1790553301,9942816,14300484
1790553303,10053700,14300484
1790553305,8485060,14300484
1790553307,8577504,14300484
1790553309,9630252,14300484
1790553311,8960180,14300484
1790553313,8605388,14300484
1790553315,10061224,14300484
1790553317,10069456,14300484
1790553319,8687044,14300484
1790553321,9327664,14300484
1790553323,9989044,14300484
1790553325,10048884,14300484
1790553327,8745940,14300484
1790553329,9426696,14300484
1790553331,10079640,14300484
1790553333,10153752,14300484
1790553335,9070048,14300484
1790553337,9461520,14300484
1790553339,10019672,14300484
1790553341,10147792,14300484
1790553343,9025868,14300484
1790553345,8877836,14300484
1790553347,9691628,14300484
1790553349,9827820,14300484
1790553351,8690484,14300484
1790553353,10047208,14300484
1790553355,10043128,14300484
1790553357,8993220,14300484
1790553359,8882716,14300484
1790553361,9937676,14300484
1790553363,10002256,14300484
1790553365,8920828,14300484
1790553367,8751448,14300484
1790553369,9885220,14300484
1790553371,10039684,14300484
1790553373,8949900,14300484
1790553375,9110628,14300484
1790553377,9975916,14300484
1790553379,9991588,14300484
1790553381,8914932,14300484
1790553383,8617332,14300484
1790553385,9606872,14300484
1790553387,9710728,14300484
1790553389,9887364,14300484
1790553391,10039048,14300484
1790553393,10059260,14300484
1790553395,10160928,14300484
1790553397,9014588,14300484
1790553399,9979976,14300484
1790553401,10022596,14300484
1790553403,10150492,14300484
1790553405,8994488,14300484
1790553407,9997228,14300484
1790553409,10041720,14300484
1790553411,10146876,14300484
1790553413,8908044,14300484
1790553415,10022648,14300484
1790553417,10073160,14300484
1790553419,9079836,14300484
1790553421,9592252,14300484
1790553423,8533848,14300484
1790553425,9663280,14300484
1790553427,8960396,14300484
1790553429,9985384,14300484
1790553431,10017168,14300484
1790553433,10016048,14300484
1790553435,9600064,14300484
1790553437,9970964,14300484
1790553439,9982564,14300484
1790553441,10108080,14300484
1790553443,9925668,14300484
1790553445,9943836,14300484
1790553447,9953948,14300484
1790553449,10111248,14300484
1790553451,10179144,14300484
1790553453,9969004,14300484
1790553455,10050484,14300484
1790553457,8931724,14300484
1790553459,8552796,14300484
1790553461,8494648,14300484
1790553463,9650456,14300484
1790553465,8450036,14300484
1790553467,9104376,14300484
1790553469,10116616,14300484
1790553471,10119380,14300484
1790553473,8795500,14300484
1790553475,9498596,14300484
1790553477,10038904,14300484
1790553479,10086628,14300484
1790553481,9101312,14300484
1790553483,9400092,14300484
1790553485,10029608,14300484
1790553487,10122084,14300484
1790553489,9486000,14300484
1790553491,9959732,14300484
1790553493,10011580,14300484
1790553495,10043584,14300484
1790553497,8481824,14300484
1790553499,8464932,14300484
1790553501,9815368,14300484
1790553503,9752040,14300484
1790553505,8469428,14300484
1790553507,10225688,14300484
1790553509,10265348,14300484
1790553511,9014368,14300484
1790553513,8834164,14300484
1790553515,10043516,14300484
1790553517,10045816,14300484
1790553519,8753972,14300484
1790553521,9088064,14300484
1790553523,9984040,14300484
1790553525,10095060,14300484
1790553527,8710732,14300484
1790553529,9343756,14300484
1790553531,10022908,14300488
1790553533,10082044,14300488
1790553535,8554136,14300488
1790553537,8538168,14300488
1790553539,9684792,14300488
1790553541,9709672,14300488
1790553543,8930496,14300488
1790553545,10002340,14300488
1790553547,10003284,14300488
1790553550,10038420,14300488
1790553552,8978008,14300488
1790553554,9941036,14300488
1790553556,10016312,14300488
1790553558,10187156,14300488
1790553560,8688284,14300488
1790553562,9990816,14300488
1790553564,10037456,14300488
1790553566,8954208,14300488
1790553568,8763160,14300488
1790553570,9927680,14300488
1790553572,10092808,14300488
1790553574,8490724,14300488
1790553576,8643196,14300488
1790553578,9668996,14300488
1790553580,9672428,14300488
1790553582,9786448,14300488
1790553584,10050452,14300488
1790553586,10073776,14300488
1790553588,10074092,14300488
1790553590,10164772,14300488
1790553592,10000920,14300488
1790553594,10003204,14300488
1790553596,10099708,14300488
1790553598,9005572,14300488
1790553600,10053768,14300488
1790553602,9903484,14300488
1790553604,10036892,14300488
1790553606,8940432,14300488
1790553608,9968956,14300488
1790553610,9999372,14300488
1790553612,7347496,14300488
1790553614,8354704,14300488
1790553616,8459684,14300488
1790553618,8315772,14300488
1790553620,8266360,14300488
1790553622,8193356,14300488
1790553624,8157680,14300488
1790553626,8269592,14300488
1790553628,8233916,14300488
1790553630,8750704,14300488
1790553632,9727524,14300488
1790553634,9338424,14300488
1790553636,8927652,14300488
1790553638,9682012,14300488
1790553640,8512036,14300488
1790553642,9713852,14300488
1790553644,10902380,14300488
1790553646,8714212,14300488
1790553648,9274924,14300488
1790553650,10056112,14300488
1790553652,10122488,14303640
1790553654,8789936,14303640
1790553656,9411664,14303640
1790553658,10007340,14303640
1790553660,10128300,14303660
1790553662,9103988,14303660
1790553664,9928756,14303660
1790553666,9932916,14303660
1790553668,10062572,14303660
1790553670,9601080,14303660
1790553672,9947224,14303664
1790553674,9937000,14303664
1790553676,10073352,14303664
1790553678,8463792,14303664
1790553680,8477916,14303664
1790553682,9694520,14303664
1790553684,8960668,14303664
1790553686,8504144,14303668
1790553688,9924724,14303668
1790553690,10035420,14303668
1790553692,9013116,14303668
1790553694,9162028,14303668
1790553696,10019448,14303668
1790553698,10081428,14303668
1790553700,8792040,14303672
1790553702,9382852,14303672
1790553704,9991740,14303672
1790553706,10094784,14303672
1790553708,8969932,14303672
1790553710,9437012,14303672
1790553712,10061160,14303672
1790553714,10090440,14303672
1790553716,8486020,14303672
1790553718,8504156,14303672
1790553720,9787984,14303672
1790553722,9713436,14303672
1790553724,8617748,14303672
1790553726,9981080,14303672
1790553728,10002384,14303672
1790553730,8934308,14303672
1790553732,8655184,14303672
1790553734,9978452,14303672
1790553736,10013988,14303672
1790553738,8953392,14303672
1790553740,8738532,14303672
1790553742,9942816,14303672
1790553744,10083204,14303672
1790553746,8965320,14303672
1790553748,9103272,14303672
1790553750,9941072,14303672
1790553752,10079436,14303672
1790553754,8504980,14303672
1790553756,8503540,14303672
1790553758,9661492,14303672
1790553760,9760616,14303676
1790553762,9056112,14303676
1790553764,10024572,14303676
1790553766,10043560,14303676
1790553768,10061484,14303676
1790553770,9000132,14303676
1790553772,9981940,14303676
1790553774,9996568,14303676
1790553776,10051560,14303676
1790553778,9016288,14303676
1790553780,10074784,14303676
1790553782,10015072,14303676
1790553784,10106732,14303676
1790553786,8806900,14303676
1790553788,10031252,14303676
1790553790,10092520,14303676
1790553792,8478808,14303676
1790553794,9681780,14303676
1790553796,8462404,14303676
1790553798,9737804,14303676
1790553800,9128488,14303676
1790553802,10028088,14303676
1790553804,10058360,14303676
1790553806,10053592,14303676
1790553808,9600496,14303676
1790553810,9948640,14303676
1790553812,10059216,14303676
1790553814,10111056,14303676
1790553816,9952416,14303676
1790553818,9963544,14303676
1790553820,10017860,14303676
1790553822,10166648,14303676
1790553824,10104936,14303676
1790553826,10010384,14303676
1790553828,10057760,14303676
1790553830,8962520,14303676
1790553832,8532792,14303676
1790553834,8529792,14303676
1790553836,9733412,14303676
1790553838,8445260,14303676
1790553840,9087556,14303676
1790553842,9964504,14303676
1790553844,9985104,14303676
1790553846,8860324,14303676
1790553848,9374196,14303676
1790553850,9935364,14303676
1790553852,9961588,14303676
1790553854,9538200,14303676
1790553856,9923264,14303676
1790553858,9944792,14303676
1790553860,10003080,14303676
1790553862,9774276,14303676
1790553864,9910816,14303676
1790553866,9923976,14303676
1790553868,9997096,14303676
1790553870,8447792,14303676
1790553872,8503244,14303676
1790553874,9706404,14303676
1790553876,8991576,14303676
1790553878,8646972,14303676
1790553880,9916128,14303676
1790553882,10048328,14303676
1790553884,8841036,14303676
1790553886,9251436,14303676
1790553888,10035152,14303676
1790553890,10103620,14303676
1790553892,8702860,14303676
1790553894,9372564,14303676
1790553896,10021244,14303676
1790553898,10086016,14303676
1790553900,9082556,14303676
1790553902,9368620,14303676
1790553904,9941924,14303676
1790553906,9993104,14303676
1790553908,8487960,14303676
1790553910,8471452,14303676
1790553912,9650460,14303676
1790553914,9706760,14303676
1790553916,8585652,14303676
1790553918,10006752,14303680
1790553920,10071612,14303680
1790553922,8956144,14303680
1790553924,8824972,14303680
1790553926,9936288,14303680
1790553928,10045196,14303680
1790553930,8962252,14303680
1790553932,9139460,14303680
1790553934,10010288,14303680
1790553936,10020052,14303680
1790553938,8572444,14303680
1790553940,9181880,14303684
1790553942,10014464,14303684
1790553944,10099884,14303684
1790553946,8514976,14303684
1790553948,8511288,14303684
1790553950,9709316,14303684
1790553952,9709244,14303684
1790553954,9580576,14303684
1790553956,9907516,14303684
1790553958,10039232,14303684
1790553960,10204624,14303684
1790553962,8911040,14303684
1790553964,9937864,14303684
1790553966,9957344,14303684
1790553968,9990400,14303684
1790553970,8937172,14303684
1790553972,9937312,14303684
1790553974,9948776,14303684
1790553976,10089052,14303684
1790553978,8869628,14303684
1790553980,9913180,14303684
1790553982,9972220,14303684
1790553984,6987428,14303684
1790553986,8573404,14303684
1790553988,8264660,14303684
1790553990,8206280,14303684
1790553992,8184944,14303688
1790553994,8165204,14303688
1790553996,8243092,14303688
1790553998,8194460,14303688
1790554000,8170776,14303688
1790554002,9505776,14303688
1790554004,11932636,14303688
1790554006,10363064,14303688
1790554008,8558916,14303688
1790554010,8709052,14303688
1790554012,9062376,14303688
1790554014,10749448,14303688
1790554016,10781376,14303688
1790554018,8950932,14303688
1790554020,10109712,14303688
1790554022,10043840,14303688
1790554024,10040912,14303688
1790554026,9597840,14303688
1790554028,9915812,14303688
1790554030,9955388,14303688
1790554032,10100020,14303688
1790554034,9843516,14303688
1790554036,9942472,14303688
1790554038,9998300,14303688
1790554040,10095984,14303688
1790554042,10164216,14303688
1790554044,9953496,14303688
1790554046,10017308,14303688
1790554048,9285664,14303688
1790554050,8901768,14303688
1790554052,8957200,14303688
1790554054,9685020,14303688
1790554056,8823940,14303688
1790554058,9100376,14303688
1790554060,10061584,14303688
1790554062,10097272,14303688
1790554064,8709616,14303688
1790554066,9470060,14303688
1790554068,10012984,14303688
1790554070,10143460,14303688
1790554072,9056776,14303688
1790554074,9994476,14303688
1790554076,10055788,14303688
1790554078,10115508,14303688
1790554080,9806004,14303688
1790554082,9947908,14303688
1790554084,10005996,14303688
1790554086,10159312,14303688
1790554088,8925588,14303688
1790554090,8577324,14303688
1790554092,9685048,14303688
1790554094,8947616,14303688
1790554096,8553936,14303688
1790554098,10079428,14303688
1790554100,10081420,14303688
1790554102,8796700,14303688
1790554104,9094188,14303688
1790554106,9958520,14303688
1790554108,10030112,14303688
1790554110,8724584,14303688
1790554112,9400868,14303688
1790554114,10009752,14303688
1790554116,10098316,14303688
1790554118,8803728,14303688
1790554120,9446680,14303688
1790554122,10067236,14303688
1790554124,10094112,14303688
1790554126,8758508,14303688
1790554128,8584532,14303688
1790554130,9668676,14303688
1790554132,9852096,14303688
1790554134,9003464,14303688
1790554136,10023816,14303688
1790554138,10087412,14303688
1790554140,10255352,14303688
1790554142,8878728,14303688
1790554144,10028276,14303688
1790554146,10095688,14303688
1790554148,8974460,14303688
1790554150,8795596,14303688
1790554152,9948832,14303688
1790554154,10078888,14303688
1790554156,8962076,14303688
1790554158,8818772,14303688
1790554160,10009700,14303688
1790554162,10081964,14303688
1790554164,8540884,14303688
1790554166,8495048,14303688
1790554168,9641648,14303688
1790554170,9754588,14303688
1790554172,9910584,14303688
1790554174,10048800,14303688
1790554176,10049340,14303688
1790554178,10090664,14303688
1790554180,8992768,14303688
1790554182,9988872,14303688
1790554184,10010604,14303688
1790554186,10155712,14303688
1790554188,9020056,14303688
1790554190,9981296,14303688
1790554192,10137672,14303688
1790554194,10256372,14303688
1790554196,8915188,14303688
1790554198,10041512,14303688
1790554200,10169616,14303688
1790554202,8860460,14303688
1790554204,9633064,14303688
1790554206,8479344,14303688
1790554208,9648196,14303688
1790554210,9280216,14303688
1790554212,10010772,14303688
1790554214,10073864,14303688
1790554216,10123704,14303688
1790554218,9691352,14303688
1790554220,10007116,14303688
1790554222,10011716,14303688
1790554224,10047868,14303688
1790554226,9986672,14303688
1790554228,10005736,14303688
1790554230,10048764,14303688
1790554232,10182336,14303688
1790554234,9000408,14303688
1790554236,10105524,14303688
1790554238,10105512,14303688
1790554240,8969944,14303692
1790554242,9495312,14303784
1790554244,8511936,14303784
1790554246,9680164,14303784
1790554248,8830128,14303784
1790554250,9206396,14303784
1790554252,10106500,14303784
1790554254,10140692,14303784
1790554256,9034424,14303784
1790554258,10042448,14303784
1790554261,10121200,14303784
1790554263,10054840,14303784
1790554265,9665876,14303784
1790554267,9986696,14303784
1790554269,10000936,14303784
1790554271,10138836,14303784
1790554273,9843408,14303784
1790554275,10049460,14303784
1790554277,10077924,14303784
1790554279,9354992,14303784
1790554281,8471308,14303784
1790554283,8469768,14303784
1790554285,9762544,14303784
1790554287,8485944,14303784
1790554289,9077068,14303784
1790554291,10061344,14303784
1790554293,10091516,14303784
1790554295,8865432,14303784
1790554297,9408860,14303784
1790554299,10012516,14303784
1790554301,10069632,14303784
1790554303,9081932,14303784
1790554305,9427360,14303784
1790554307,10017520,14303784
1790554309,10035828,14303784
1790554311,9419628,14303784
1790554313,9955244,14303784
1790554315,9992972,14303784
1790554317,7547008,14303784
1790554319,7160740,14303784
1790554321,8442904,14303784
1790554323,8443448,14303784
1790554325,8121864,14303784
1790554327,8253648,14303784
1790554329,8234992,14303784
1790554331,8176876,14303784
1790554333,8173228,14303784
1790554335,8561368,14303784
