mineral,scan,xc,ecut_eV,kgrid,n_atoms,energy_eV,energy_eV_atom,fmax_eV_A,stress_xx_GPa,stress_yy_GPa,stress_zz_GPa,stress_yz_GPa,stress_xz_GPa,stress_xy_GPa,stress_max_abs_GPa,tempo_s,gpaw_txt,deltaE_ref_meV_atom,deltaStress_ref_GPa
calcita,ecut,PBE,400,5,10,-65.30058567049937,-6.530058567049937,1.227247291291595,52.87558744882782,54.15622735951781,54.32073266106484,-0.18326235696184928,-0.4306936805768189,-0.665390884246999,54.32073266106484,25.58053780499904,calcita_ecut_ecut400_k5.txt,1101.2842736417454,54.57544026820004
calcita,ecut,PBE,500,5,10,-73.77358013796002,-7.377358013796003,1.1950863634921447,14.670988727540525,17.967221756077418,18.390641176167637,-0.4716981165921065,-1.1085604339275517,-1.712646459972224,18.390641176167637,46.33265241900153,calcita_ecut_ecut500_k5.txt,253.98482689567993,16.38367462843616
calcita,ecut,PBE,600,5,10,-75.87960297948561,-7.587960297948561,1.2055601377172551,1.861210500850645,5.1589496796281535,5.582562573072932,-0.4719136499678259,-1.109066969281649,-1.7134290208092307,5.582562573072932,42.500555844999326,calcita_ecut_ecut600_k5.txt,43.38254274312181,3.5755960253414547
calcita,ecut,PBE,700,5,10,-76.31342840691683,-7.631342840691683,1.2216439019111691,-1.699852819372217,1.5850079565793578,2.006966547731477,-0.4700707225093856,-1.1047358168111128,-1.7067377004993558,2.006966547731477,44.892365995001455,calcita_ecut_ecut700_k5.txt,0.0,0.0
calcita,kgrid,PBE,600,3,10,-75.8758061206158,-7.587580612061581,1.20611869469109,1.8887616749462681,5.179383709230718,5.602082365979286,-0.47089517110913304,-1.106673393123882,-1.7097311171065428,5.602082365979286,14.482156887999736,calcita_kgrid_ecut600_k3.txt,0.35933198408955036,0.020737749630377555
calcita,kgrid,PBE,600,4,10,-75.88033076212922,-7.588033076212922,1.2058651536403655,1.8546845713929683,5.154804193535745,5.578722868137544,-0.47225429659151114,-1.109867539298118,-1.7146658441367673,5.578722868137544,27.28694116299812,calcita_kgrid_ecut600_k4.txt,0.09313216725104212,0.013339353922922292
calcita,kgrid,PBE,600,5,10,-75.87960297948561,-7.587960297948561,1.2055601377172551,1.861210500850645,5.1589496796281535,5.582562573072932,-0.4719136499678259,-1.109066969281649,-1.7134290208092307,5.582562573072932,42.500555844999326,calcita_ecut_ecut600_k5.txt [reutilizado],0.02035390289023553,0.006813424465245577
calcita,kgrid,PBE,600,6,10,-75.87986713597822,-7.587986713597822,1.2054203745033636,1.8600924480759558,5.156871465206617,5.58036102056086,-0.47177624874754764,-1.1087440560644537,-1.7129301430201789,5.58036102056086,72.38476270999672,calcita_kgrid_ecut600_k6.txt,0.046769552151104676,0.007931477239934814
calcita,kgrid,PBE,600,7,10,-75.87939944045671,-7.5879399440456705,1.2058172715707356,1.8680239253158906,5.1593202676749925,5.582105543036826,-0.47099166606142023,-1.106900170552955,-1.7100814719895219,5.582105543036826,94.76343580399771,calcita_kgrid_ecut600_k7.txt,0.0,0.0
dolomita,ecut,PBE,400,5,10,-63.6901604525129,-6.36901604525129,0.8899079566048441,60.83577746213011,55.43615898947639,54.70678579786538,0.8230620316426996,1.8892329812545394,2.9034703178142918,60.83577746213011,19.6696316009984,dolomita_ecut_ecut400_k5.txt,1112.8097697406122,62.9657490277004
dolomita,ecut,PBE,500,5,10,-72.28218371252092,-7.228218371252092,0.5911788278623061,16.51579929002185,13.802674301173255,13.436189031449455,0.413560731509393,0.9492754418034823,1.4588952744601236,16.51579929002185,21.994429937996756,dolomita_ecut_ecut500_k5.txt,253.60744373980992,18.69733190523669
dolomita,ecut,PBE,600,5,10,-74.37816882992428,-7.437816882992427,0.6324550673137731,1.96893222288066,-0.7503066111437326,-1.1176177308403465,0.41449266287769715,0.9514145703376331,1.4621827971037171,1.96893222288066,40.87262229499902,dolomita_ecut_ecut600_k5.txt,44.008931999474754,4.143525142946889
dolomita,ecut,PBE,700,5,10,-74.81825814991902,-7.481825814991902,0.6070309899583265,-2.1299715655702838,-4.888521644120582,-5.261142873787236,0.42048486268769447,0.9651688939196833,1.4833211483067419,5.261142873787236,47.746768428001815,dolomita_ecut_ecut700_k5.txt,0.0,0.0
dolomita,kgrid,PBE,600,3,10,-74.37422117656516,-7.437422117656515,0.6322902352294894,2.025633604367125,-0.7336452665452384,-1.1063649405026958,0.4205959522628571,0.9654238857443616,1.48371303284485,2.025633604367125,14.751985900998989,dolomita_kgrid_ecut600_k3.txt,0.5763483988276974,0.056094284423687135
dolomita,kgrid,PBE,600,4,10,-74.3840124562884,-7.438401245628841,0.6316601797725178,1.944889491598784,-0.8103645692667153,-1.1825405773032607,0.4199824518181637,0.9640156744193704,1.4815488213241486,1.944889491598784,32.68367055399722,dolomita_kgrid_ecut600_k4.txt,0.402779573497547,0.03860388994148356
dolomita,kgrid,PBE,600,5,10,-74.37816882992428,-7.437816882992427,0.6324550673137731,1.96893222288066,-0.7503066111437326,-1.1176177308403465,0.41449266287769715,0.9514145703376331,1.4621827971037171,1.96893222288066,40.87262229499902,dolomita_ecut_ecut600_k5.txt [reutilizado],0.18158306291571336,0.02631895652143057
dolomita,kgrid,PBE,600,6,10,-74.3806760186284,-7.438067601862841,0.6322519094721457,1.963881942101323,-0.7795968623408626,-1.1501822845975038,0.41818755343340375,0.9598957161463334,1.475217057759205,1.963881942101323,55.29154375500002,dolomita_kgrid_ecut600_k6.txt,0.06913580749756676,0.0062455972357267076
dolomita,kgrid,PBE,600,7,10,-74.37998466055343,-7.437998466055343,0.6321136564108681,1.9695393199434377,-0.7734212654379781,-1.1439366873617771,0.4181085614758881,0.9597144002726141,1.474938402208134,1.9695393199434377,86.06530399999974,dolomita_kgrid_ecut600_k7.txt,0.0,0.0
