mineral,xc,ecut_eV,kgrid,pulay_correction,n_atoms,energy_eV,energy_eV_atom,fmax_eV_A,stress_xx_GPa,stress_yy_GPa,stress_zz_GPa,stress_yz_GPa,stress_xz_GPa,stress_xy_GPa,stress_max_abs_GPa,tempo_s,gpaw_txt
calcita,PBE,600,5,dedecut=estimate,10,-75.87960297953674,-7.587960297953674,1.2055967560067462,0.5457424796586462,3.843513916023272,4.26713095313408,-0.4719182660987113,-1.109077817872893,-1.713445781105577,4.26713095313408,48.32698488200185,calcita_R3_ecut600_k5.txt
calcita,PBE,700,5,dedecut=estimate,10,-76.31342840690031,-7.631342840690031,1.2216791463401089,-1.8428245806322576,1.4420498419306529,1.8640101860657092,-0.47007267536915265,-1.1047404063207904,-1.7067447909630438,1.8640101860657092,46.63237003100221,calcita_R3_ecut700_k5.txt
calcita,PBE,800,5,dedecut=estimate,10,-76.39114064301943,-7.639114064301943,1.2168796243564501,-3.4648186972874204,-0.173991287013628,0.24873375142020016,-0.4709245608599565,-1.1067424633910303,-1.7098378257215192,3.4648186972874204,70.20075278199874,calcita_R3_ecut800_k5.txt
calcita,PBE,900,5,dedecut=estimate,10,-76.40688085286024,-7.640688085286024,1.2154831885308037,-4.0298918788173905,-0.7430541587445767,-0.3208416181519553,-0.4703536275135288,-1.1054006854699476,-1.707764874950158,4.0298918788173905,87.28674353899987,calcita_R3_ecut900_k5.txt
calcita,PBE,1000,5,dedecut=estimate,10,-76.4138869552459,-7.64138869552459,1.2157503938340928,-3.8921352028612355,-0.6066747984382288,-0.18463918168220292,-0.47015653064800317,-1.1049374786453128,-1.707049253587383,3.8921352028612355,104.54541130299913,calcita_R3_ecut1000_k5.txt
calcita,PBE,1200,5,dedecut=estimate,10,-76.4228518893396,-7.642285188933959,1.215673978817006,-3.058978275654536,0.22801931992712657,0.6502523974158531,-0.47037650604661796,-1.1054544534110882,-1.7078479425676156,3.058978275654536,162.91308007899715,calcita_R3_ecut1200_k5.txt
calcita,PBE,1400,5,dedecut=estimate,10,-76.42600343495155,-7.642600343495156,1.2161717275835506,-2.7433754818909235,0.5435593227472046,0.9657843343908685,-0.4703675205260111,-1.1054333361068782,-1.707815317845325,2.7433754818909235,164.68504688900066,calcita_R3_ecut1400_k5.txt
calcita,PBE,1600,5,dedecut=estimate,10,-76.42652365266414,-7.6426523652664144,1.2162594156973745,-2.8178530822194774,0.4689275630197812,0.8911327720333806,-0.4703454599806939,-1.105381490558149,-1.707735220186433,2.8178530822194774,193.27807931599818,calcita_R3_ecut1600_k5.txt
dolomita,PBE,600,5,dedecut=estimate,10,-74.37816882990465,-7.437816882990465,0.6324660184892664,0.4631086124410479,-2.2561359067431628,-2.6234477943835075,0.4144935294647001,0.951416559476585,1.4621858541146637,2.6234477943835075,45.42538762700133,dolomita_R3_ecut600_k5.txt
dolomita,PBE,700,5,dedecut=estimate,10,-74.81825814992843,-7.481825814992843,0.6069462746417091,-2.2890791362682883,-5.0476646439147865,-5.420290659296043,0.4204902631329381,0.9651812899468059,1.483340199158154,5.420290659296043,50.27160467500289,dolomita_R3_ecut700_k5.txt
dolomita,PBE,800,5,dedecut=estimate,10,-74.89677315902811,-7.489677315902812,0.6088965137092119,-4.144627568966168,-6.881201103615657,-7.250853771328038,0.4171349854763524,0.957479681846336,1.4715039721067382,7.250853771328038,71.68730756799778,dolomita_R3_ecut800_k5.txt
dolomita,PBE,900,5,dedecut=estimate,10,-74.91208441286199,-7.491208441286199,0.609863687132992,-4.790366268687701,-7.527243174984516,-7.896936821730466,0.4171812283147411,0.9575858263312859,1.4716671004051058,7.896936821730466,85.3499736800004,dolomita_R3_ecut900_k5.txt
dolomita,PBE,1000,5,dedecut=estimate,10,-74.91940116286779,-7.491940116286779,0.6090628089565944,-4.627398653204543,-7.363277563072912,-7.732836401805312,0.41702910405408644,0.9572366446664436,1.4711304600809878,7.732836401805312,109.23902645999988,dolomita_R3_ecut1000_k5.txt
dolomita,PBE,1200,5,dedecut=estimate,10,-74.92847696913245,-7.492847696913245,0.6091604654595484,-3.678178565486156,-6.41229328703216,-6.781613821581809,0.41676018942018017,0.9566193857284951,1.470181824829263,6.781613821581809,144.11780116199952,dolomita_R3_ecut1200_k5.txt
dolomita,PBE,1400,5,dedecut=estimate,10,-74.9315731146705,-7.4931573114670496,0.6088102505361878,-3.3201224312832487,-6.054621108992439,-6.423993507823537,0.416818715729277,0.956753725339807,1.4703882848465406,6.423993507823537,154.60184097099773,dolomita_R3_ecut1400_k5.txt
dolomita,PBE,1600,5,dedecut=estimate,10,-74.93217155850924,-7.493217155850924,0.6087513415815001,-3.408757101810495,-6.142954980294228,-6.512286747571038,0.41677286500429034,0.9566484809007143,1.470226539784892,6.512286747571038,157.96335220900073,dolomita_R3_ecut1600_k5.txt
